Linux 6.17.0-23-generic (admin1-ASUS-TUF-Gaming-A15-FA507NU-FA507NU) 	05/11/26 	_x86_64_	(16 CPU)

13:34:37      UID       PID    %usr %system  %guest   %wait    %CPU   CPU  Command
13:34:38        0     39831    4.00    1.00    0.00    0.00    5.00    10  sync_slam_toolb

13:34:37      UID       PID  minflt/s  majflt/s     VSZ     RSS   %MEM  Command
13:34:38        0     39831      5.00      0.00 1505480   46992   0.30  sync_slam_toolb

13:34:38      UID       PID    %usr %system  %guest   %wait    %CPU   CPU  Command
13:34:39        0     39831    9.00    1.00    0.00    0.00   10.00    14  sync_slam_toolb

13:34:38      UID       PID  minflt/s  majflt/s     VSZ     RSS   %MEM  Command
13:34:39        0     39831     11.00      0.00 1505480   46992   0.30  sync_slam_toolb

13:34:39      UID       PID    %usr %system  %guest   %wait    %CPU   CPU  Command
13:34:40        0     39831    5.00    1.00    0.00    0.00    6.00     2  sync_slam_toolb

13:34:39      UID       PID  minflt/s  majflt/s     VSZ     RSS   %MEM  Command
13:34:40        0     39831     24.00      0.00 1505480   47120   0.30  sync_slam_toolb

13:34:40      UID       PID    %usr %system  %guest   %wait    %CPU   CPU  Command
13:34:41        0     39831    8.00    0.00    0.00    0.00    8.00     8  sync_slam_toolb

13:34:40      UID       PID  minflt/s  majflt/s     VSZ     RSS   %MEM  Command
13:34:41        0     39831     12.00      0.00 1505480   47248   0.30  sync_slam_toolb

13:34:41      UID       PID    %usr %system  %guest   %wait    %CPU   CPU  Command
13:34:42        0     39831    5.00    1.00    0.00    0.00    6.00     8  sync_slam_toolb

13:34:41      UID       PID  minflt/s  majflt/s     VSZ     RSS   %MEM  Command
13:34:42        0     39831      5.00      0.00 1505480   47248   0.30  sync_slam_toolb

13:34:42      UID       PID    %usr %system  %guest   %wait    %CPU   CPU  Command
13:34:43        0     39831    5.00    1.00    0.00    0.00    6.00     2  sync_slam_toolb

13:34:42      UID       PID  minflt/s  majflt/s     VSZ     RSS   %MEM  Command
13:34:43        0     39831      5.00      0.00 1505480   47248   0.30  sync_slam_toolb

13:34:43      UID       PID    %usr %system  %guest   %wait    %CPU   CPU  Command
13:34:44        0     39831    9.00    0.00    0.00    0.00    9.00    10  sync_slam_toolb

13:34:43      UID       PID  minflt/s  majflt/s     VSZ     RSS   %MEM  Command
13:34:44        0     39831     10.00      0.00 1505480   47248   0.30  sync_slam_toolb

13:34:44      UID       PID    %usr %system  %guest   %wait    %CPU   CPU  Command
13:34:45        0     39831    4.00    2.00    0.00    0.00    6.00     2  sync_slam_toolb

13:34:44      UID       PID  minflt/s  majflt/s     VSZ     RSS   %MEM  Command
13:34:45        0     39831      4.00      0.00 1505480   47248   0.30  sync_slam_toolb

13:34:45      UID       PID    %usr %system  %guest   %wait    %CPU   CPU  Command
13:34:46        0     39831    8.00    0.00    0.00    0.00    8.00     2  sync_slam_toolb

13:34:45      UID       PID  minflt/s  majflt/s     VSZ     RSS   %MEM  Command
13:34:46        0     39831      9.00      0.00 1505480   47376   0.30  sync_slam_toolb

13:34:46      UID       PID    %usr %system  %guest   %wait    %CPU   CPU  Command
13:34:47        0     39831    5.00    1.00    0.00    0.00    6.00     2  sync_slam_toolb

13:34:46      UID       PID  minflt/s  majflt/s     VSZ     RSS   %MEM  Command
13:34:47        0     39831      0.00      0.00 1505480   47376   0.30  sync_slam_toolb

13:34:47      UID       PID    %usr %system  %guest   %wait    %CPU   CPU  Command
13:34:48        0     39831    8.00    1.00    0.00    0.00    9.00     4  sync_slam_toolb

13:34:47      UID       PID  minflt/s  majflt/s     VSZ     RSS   %MEM  Command
13:34:48        0     39831      6.00      0.00 1505480   47376   0.30  sync_slam_toolb

13:34:48      UID       PID    %usr %system  %guest   %wait    %CPU   CPU  Command
13:34:49        0     39831    6.00    1.00    0.00    0.00    7.00     8  sync_slam_toolb

13:34:48      UID       PID  minflt/s  majflt/s     VSZ     RSS   %MEM  Command
13:34:49        0     39831      0.00      0.00 1505480   47376   0.30  sync_slam_toolb

13:34:49      UID       PID    %usr %system  %guest   %wait    %CPU   CPU  Command
13:34:50        0     39831    5.00    1.00    0.00    0.00    6.00     8  sync_slam_toolb

13:34:49      UID       PID  minflt/s  majflt/s     VSZ     RSS   %MEM  Command
13:34:50        0     39831      0.00      0.00 1505480   47376   0.30  sync_slam_toolb

13:34:50      UID       PID    %usr %system  %guest   %wait    %CPU   CPU  Command
13:34:51        0     39831    8.00    1.00    0.00    0.00    9.00     8  sync_slam_toolb

13:34:50      UID       PID  minflt/s  majflt/s     VSZ     RSS   %MEM  Command
13:34:51        0     39831      6.00      0.00 1505480   47504   0.30  sync_slam_toolb

13:34:51      UID       PID    %usr %system  %guest   %wait    %CPU   CPU  Command
13:34:52        0     39831    5.00    1.00    0.00    0.00    6.00     4  sync_slam_toolb

13:34:51      UID       PID  minflt/s  majflt/s     VSZ     RSS   %MEM  Command
13:34:52        0     39831      0.00      0.00 1505480   47504   0.30  sync_slam_toolb

13:34:52      UID       PID    %usr %system  %guest   %wait    %CPU   CPU  Command
13:34:53        0     39831    8.00    1.00    0.00    0.00    9.00    12  sync_slam_toolb

13:34:52      UID       PID  minflt/s  majflt/s     VSZ     RSS   %MEM  Command
13:34:53        0     39831      6.00      0.00 1505480   47504   0.30  sync_slam_toolb

13:34:53      UID       PID    %usr %system  %guest   %wait    %CPU   CPU  Command
13:34:54        0     39831    5.00    0.00    0.00    0.00    5.00     8  sync_slam_toolb

13:34:53      UID       PID  minflt/s  majflt/s     VSZ     RSS   %MEM  Command
13:34:54        0     39831      0.00      0.00 1505480   47504   0.30  sync_slam_toolb

13:34:54      UID       PID    %usr %system  %guest   %wait    %CPU   CPU  Command
13:34:55        0     39831    8.00    1.00    0.00    0.00    9.00     0  sync_slam_toolb

13:34:54      UID       PID  minflt/s  majflt/s     VSZ     RSS   %MEM  Command
13:34:55        0     39831      6.00      0.00 1505480   47632   0.31  sync_slam_toolb

13:34:55      UID       PID    %usr %system  %guest   %wait    %CPU   CPU  Command
13:34:56        0     39831    5.00    1.00    0.00    0.00    6.00     8  sync_slam_toolb

13:34:55      UID       PID  minflt/s  majflt/s     VSZ     RSS   %MEM  Command
13:34:56        0     39831      0.00      0.00 1505480   47632   0.31  sync_slam_toolb

13:34:56      UID       PID    %usr %system  %guest   %wait    %CPU   CPU  Command
13:34:57        0     39831    9.00    0.00    0.00    0.00    9.00     2  sync_slam_toolb

13:34:56      UID       PID  minflt/s  majflt/s     VSZ     RSS   %MEM  Command
13:34:57        0     39831      6.00      0.00 1505480   47632   0.31  sync_slam_toolb

13:34:57      UID       PID    %usr %system  %guest   %wait    %CPU   CPU  Command
13:34:58        0     39831    5.00    0.00    0.00    0.00    5.00     4  sync_slam_toolb

13:34:57      UID       PID  minflt/s  majflt/s     VSZ     RSS   %MEM  Command
13:34:58        0     39831      0.00      0.00 1505480   47632   0.31  sync_slam_toolb

13:34:58      UID       PID    %usr %system  %guest   %wait    %CPU   CPU  Command
13:34:59        0     39831    5.00    1.00    0.00    0.00    6.00    12  sync_slam_toolb

13:34:58      UID       PID  minflt/s  majflt/s     VSZ     RSS   %MEM  Command
13:34:59        0     39831      0.00      0.00 1505480   47632   0.31  sync_slam_toolb

13:34:59      UID       PID    %usr %system  %guest   %wait    %CPU   CPU  Command
13:35:00        0     39831    6.00    1.00    0.00    0.00    7.00    12  sync_slam_toolb

13:34:59      UID       PID  minflt/s  majflt/s     VSZ     RSS   %MEM  Command
13:35:00        0     39831      0.00      0.00 1505480   47632   0.31  sync_slam_toolb

13:35:00      UID       PID    %usr %system  %guest   %wait    %CPU   CPU  Command
13:35:01        0     39831    8.00    1.00    0.00    0.00    9.00     1  sync_slam_toolb

13:35:00      UID       PID  minflt/s  majflt/s     VSZ     RSS   %MEM  Command
13:35:01        0     39831      7.00      0.00 1505480   47632   0.31  sync_slam_toolb

13:35:01      UID       PID    %usr %system  %guest   %wait    %CPU   CPU  Command
13:35:02        0     39831    5.00    1.00    0.00    0.00    6.00    15  sync_slam_toolb

13:35:01      UID       PID  minflt/s  majflt/s     VSZ     RSS   %MEM  Command
13:35:02        0     39831      0.00      0.00 1505480   47632   0.31  sync_slam_toolb

13:35:02      UID       PID    %usr %system  %guest   %wait    %CPU   CPU  Command
13:35:03        0     39831    5.00    0.00    0.00    0.00    5.00     6  sync_slam_toolb

13:35:02      UID       PID  minflt/s  majflt/s     VSZ     RSS   %MEM  Command
13:35:03        0     39831      0.00      0.00 1505480   47632   0.31  sync_slam_toolb

13:35:03      UID       PID    %usr %system  %guest   %wait    %CPU   CPU  Command
13:35:04        0     39831    8.00    1.00    0.00    0.00    9.00     6  sync_slam_toolb

13:35:03      UID       PID  minflt/s  majflt/s     VSZ     RSS   %MEM  Command
13:35:04        0     39831      6.00      0.00 1505480   47632   0.31  sync_slam_toolb

13:35:04      UID       PID    %usr %system  %guest   %wait    %CPU   CPU  Command
13:35:05        0     39831    5.00    1.00    0.00    0.00    6.00     6  sync_slam_toolb

13:35:04      UID       PID  minflt/s  majflt/s     VSZ     RSS   %MEM  Command
13:35:05        0     39831      0.00      0.00 1505480   47632   0.31  sync_slam_toolb

13:35:05      UID       PID    %usr %system  %guest   %wait    %CPU   CPU  Command
13:35:06        0     39831    9.00    1.00    0.00    0.00   10.00     6  sync_slam_toolb

13:35:05      UID       PID  minflt/s  majflt/s     VSZ     RSS   %MEM  Command
13:35:06        0     39831      5.00      0.00 1505480   47632   0.31  sync_slam_toolb

13:35:06      UID       PID    %usr %system  %guest   %wait    %CPU   CPU  Command
13:35:07        0     39831    5.00    0.00    0.00    0.00    5.00     9  sync_slam_toolb

13:35:06      UID       PID  minflt/s  majflt/s     VSZ     RSS   %MEM  Command
13:35:07        0     39831      0.00      0.00 1505480   47632   0.31  sync_slam_toolb

13:35:07      UID       PID    %usr %system  %guest   %wait    %CPU   CPU  Command
13:35:08        0     39831    6.00    0.00    0.00    0.00    6.00    14  sync_slam_toolb

13:35:07      UID       PID  minflt/s  majflt/s     VSZ     RSS   %MEM  Command
13:35:08        0     39831      0.00      0.00 1505480   47632   0.31  sync_slam_toolb

13:35:08      UID       PID    %usr %system  %guest   %wait    %CPU   CPU  Command
13:35:09        0     39831    5.00    1.00    0.00    0.00    6.00     4  sync_slam_toolb

13:35:08      UID       PID  minflt/s  majflt/s     VSZ     RSS   %MEM  Command
13:35:09        0     39831      0.00      0.00 1505480   47632   0.31  sync_slam_toolb

13:35:09      UID       PID    %usr %system  %guest   %wait    %CPU   CPU  Command
13:35:10        0     39831    5.00    1.00    0.00    0.00    6.00    14  sync_slam_toolb

13:35:09      UID       PID  minflt/s  majflt/s     VSZ     RSS   %MEM  Command
13:35:10        0     39831      0.00      0.00 1505480   47632   0.31  sync_slam_toolb

13:35:10      UID       PID    %usr %system  %guest   %wait    %CPU   CPU  Command
13:35:11        0     39831    8.00    1.00    0.00    0.00    9.00     8  sync_slam_toolb

13:35:10      UID       PID  minflt/s  majflt/s     VSZ     RSS   %MEM  Command
13:35:11        0     39831      7.00      0.00 1505480   47632   0.31  sync_slam_toolb

13:35:11      UID       PID    %usr %system  %guest   %wait    %CPU   CPU  Command
13:35:12        0     39831    5.00    1.00    0.00    0.00    6.00     2  sync_slam_toolb

13:35:11      UID       PID  minflt/s  majflt/s     VSZ     RSS   %MEM  Command
13:35:12        0     39831      0.00      0.00 1505480   47632   0.31  sync_slam_toolb

13:35:12      UID       PID    %usr %system  %guest   %wait    %CPU   CPU  Command
13:35:13        0     39831    8.00    0.00    0.00    0.00    8.00     6  sync_slam_toolb

13:35:12      UID       PID  minflt/s  majflt/s     VSZ     RSS   %MEM  Command
13:35:13        0     39831      5.00      0.00 1505480   47632   0.31  sync_slam_toolb

13:35:13      UID       PID    %usr %system  %guest   %wait    %CPU   CPU  Command
13:35:14        0     39831    6.00    1.00    0.00    0.00    7.00     6  sync_slam_toolb

13:35:13      UID       PID  minflt/s  majflt/s     VSZ     RSS   %MEM  Command
13:35:14        0     39831      0.00      0.00 1505480   47632   0.31  sync_slam_toolb

13:35:14      UID       PID    %usr %system  %guest   %wait    %CPU   CPU  Command
13:35:15        0     39831    5.00    1.00    0.00    0.00    6.00     6  sync_slam_toolb

13:35:14      UID       PID  minflt/s  majflt/s     VSZ     RSS   %MEM  Command
13:35:15        0     39831      0.00      0.00 1505480   47632   0.31  sync_slam_toolb

13:35:15      UID       PID    %usr %system  %guest   %wait    %CPU   CPU  Command
13:35:16        0     39831    9.00    1.00    0.00    0.00   10.00     8  sync_slam_toolb

13:35:15      UID       PID  minflt/s  majflt/s     VSZ     RSS   %MEM  Command
13:35:16        0     39831      6.00      0.00 1505480   47632   0.31  sync_slam_toolb

13:35:16      UID       PID    %usr %system  %guest   %wait    %CPU   CPU  Command
13:35:17        0     39831    5.00    0.00    0.00    0.00    5.00     8  sync_slam_toolb

13:35:16      UID       PID  minflt/s  majflt/s     VSZ     RSS   %MEM  Command
13:35:17        0     39831      0.00      0.00 1505480   47632   0.31  sync_slam_toolb

13:35:17      UID       PID    %usr %system  %guest   %wait    %CPU   CPU  Command
13:35:18        0     39831    6.00    1.00    0.00    0.00    7.00     2  sync_slam_toolb

13:35:17      UID       PID  minflt/s  majflt/s     VSZ     RSS   %MEM  Command
13:35:18        0     39831      0.00      0.00 1505480   47632   0.31  sync_slam_toolb

13:35:18      UID       PID    %usr %system  %guest   %wait    %CPU   CPU  Command
13:35:19        0     39831    8.00    1.00    0.00    0.00    9.00     6  sync_slam_toolb

13:35:18      UID       PID  minflt/s  majflt/s     VSZ     RSS   %MEM  Command
13:35:19        0     39831      7.00      0.00 1505480   47632   0.31  sync_slam_toolb

13:35:19      UID       PID    %usr %system  %guest   %wait    %CPU   CPU  Command
13:35:20        0     39831    6.00    0.00    0.00    0.00    6.00     2  sync_slam_toolb

13:35:19      UID       PID  minflt/s  majflt/s     VSZ     RSS   %MEM  Command
13:35:20        0     39831      0.00      0.00 1505480   47632   0.31  sync_slam_toolb

13:35:20      UID       PID    %usr %system  %guest   %wait    %CPU   CPU  Command
13:35:21        0     39831    6.00    0.00    0.00    0.00    6.00     4  sync_slam_toolb

13:35:20      UID       PID  minflt/s  majflt/s     VSZ     RSS   %MEM  Command
13:35:21        0     39831      0.00      0.00 1505480   47632   0.31  sync_slam_toolb

13:35:21      UID       PID    %usr %system  %guest   %wait    %CPU   CPU  Command
13:35:22        0     39831    9.00    0.00    0.00    0.00    9.00    10  sync_slam_toolb

13:35:21      UID       PID  minflt/s  majflt/s     VSZ     RSS   %MEM  Command
13:35:22        0     39831      5.00      0.00 1505480   47632   0.31  sync_slam_toolb

13:35:22      UID       PID    %usr %system  %guest   %wait    %CPU   CPU  Command
13:35:23        0     39831    5.00    1.00    0.00    0.00    6.00     6  sync_slam_toolb

13:35:22      UID       PID  minflt/s  majflt/s     VSZ     RSS   %MEM  Command
13:35:23        0     39831      0.00      0.00 1505480   47632   0.31  sync_slam_toolb

13:35:23      UID       PID    %usr %system  %guest   %wait    %CPU   CPU  Command
13:35:24        0     39831    9.00    1.00    0.00    0.00   10.00     8  sync_slam_toolb

13:35:23      UID       PID  minflt/s  majflt/s     VSZ     RSS   %MEM  Command
13:35:24        0     39831      6.00      0.00 1505480   47632   0.31  sync_slam_toolb

13:35:24      UID       PID    %usr %system  %guest   %wait    %CPU   CPU  Command
13:35:25        0     39831    5.00    0.00    0.00    0.00    5.00    10  sync_slam_toolb

13:35:24      UID       PID  minflt/s  majflt/s     VSZ     RSS   %MEM  Command
13:35:25        0     39831      0.00      0.00 1505480   47632   0.31  sync_slam_toolb

13:35:25      UID       PID    %usr %system  %guest   %wait    %CPU   CPU  Command
13:35:26        0     39831    6.00    1.00    0.00    0.00    7.00     6  sync_slam_toolb

13:35:25      UID       PID  minflt/s  majflt/s     VSZ     RSS   %MEM  Command
13:35:26        0     39831      0.00      0.00 1505480   47632   0.31  sync_slam_toolb

13:35:26      UID       PID    %usr %system  %guest   %wait    %CPU   CPU  Command
13:35:27        0     39831    6.00    0.00    0.00    0.00    6.00     6  sync_slam_toolb

13:35:26      UID       PID  minflt/s  majflt/s     VSZ     RSS   %MEM  Command
13:35:27        0     39831      0.00      0.00 1505480   47632   0.31  sync_slam_toolb

13:35:27      UID       PID    %usr %system  %guest   %wait    %CPU   CPU  Command
13:35:28        0     39831    9.00    0.00    0.00    0.00    9.00     6  sync_slam_toolb

13:35:27      UID       PID  minflt/s  majflt/s     VSZ     RSS   %MEM  Command
13:35:28        0     39831      7.00      0.00 1505480   47632   0.31  sync_slam_toolb

13:35:28      UID       PID    %usr %system  %guest   %wait    %CPU   CPU  Command
13:35:29        0     39831    6.00    1.00    0.00    0.00    7.00     6  sync_slam_toolb

13:35:28      UID       PID  minflt/s  majflt/s     VSZ     RSS   %MEM  Command
13:35:29        0     39831      0.00      0.00 1505480   47632   0.31  sync_slam_toolb

13:35:29      UID       PID    %usr %system  %guest   %wait    %CPU   CPU  Command
13:35:30        0     39831    5.00    0.00    0.00    0.00    5.00     6  sync_slam_toolb

13:35:29      UID       PID  minflt/s  majflt/s     VSZ     RSS   %MEM  Command
13:35:30        0     39831      0.00      0.00 1505480   47632   0.31  sync_slam_toolb

13:35:30      UID       PID    %usr %system  %guest   %wait    %CPU   CPU  Command
13:35:31        0     39831   10.00    0.00    0.00    0.00   10.00    12  sync_slam_toolb

13:35:30      UID       PID  minflt/s  majflt/s     VSZ     RSS   %MEM  Command
13:35:31        0     39831      5.00      0.00 1505480   47632   0.31  sync_slam_toolb

13:35:31      UID       PID    %usr %system  %guest   %wait    %CPU   CPU  Command
13:35:32        0     39831    6.00    1.00    0.00    0.00    7.00     8  sync_slam_toolb

13:35:31      UID       PID  minflt/s  majflt/s     VSZ     RSS   %MEM  Command
13:35:32        0     39831      0.00      0.00 1505480   47632   0.31  sync_slam_toolb

13:35:32      UID       PID    %usr %system  %guest   %wait    %CPU   CPU  Command
13:35:33        0     39831    5.00    0.00    0.00    0.00    5.00     8  sync_slam_toolb

13:35:32      UID       PID  minflt/s  majflt/s     VSZ     RSS   %MEM  Command
13:35:33        0     39831      0.00      0.00 1505480   47632   0.31  sync_slam_toolb

13:35:33      UID       PID    %usr %system  %guest   %wait    %CPU   CPU  Command
13:35:34        0     39831    6.00    1.00    0.00    0.00    7.00     8  sync_slam_toolb

13:35:33      UID       PID  minflt/s  majflt/s     VSZ     RSS   %MEM  Command
13:35:34        0     39831      0.00      0.00 1505480   47632   0.31  sync_slam_toolb

13:35:34      UID       PID    %usr %system  %guest   %wait    %CPU   CPU  Command
13:35:35        0     39831    9.00    1.00    0.00    0.00   10.00     2  sync_slam_toolb

13:35:34      UID       PID  minflt/s  majflt/s     VSZ     RSS   %MEM  Command
13:35:35        0     39831      6.00      0.00 1505480   47632   0.31  sync_slam_toolb

13:35:35      UID       PID    %usr %system  %guest   %wait    %CPU   CPU  Command
13:35:36        0     39831    5.00    0.00    0.00    0.00    5.00     8  sync_slam_toolb

13:35:35      UID       PID  minflt/s  majflt/s     VSZ     RSS   %MEM  Command
13:35:36        0     39831      2.00      0.00 1505480   47632   0.31  sync_slam_toolb

13:35:36      UID       PID    %usr %system  %guest   %wait    %CPU   CPU  Command
13:35:37        0     39831    6.00    1.00    0.00    0.00    7.00     6  sync_slam_toolb

13:35:36      UID       PID  minflt/s  majflt/s     VSZ     RSS   %MEM  Command
13:35:37        0     39831      0.00      0.00 1505480   47632   0.31  sync_slam_toolb

13:35:37      UID       PID    %usr %system  %guest   %wait    %CPU   CPU  Command
13:35:38        0     39831    5.00    1.00    0.00    0.00    6.00    10  sync_slam_toolb

13:35:37      UID       PID  minflt/s  majflt/s     VSZ     RSS   %MEM  Command
13:35:38        0     39831      0.00      0.00 1505480   47632   0.31  sync_slam_toolb

13:35:38      UID       PID    %usr %system  %guest   %wait    %CPU   CPU  Command
13:35:39        0     39831    9.00    1.00    0.00    0.00   10.00     6  sync_slam_toolb

13:35:38      UID       PID  minflt/s  majflt/s     VSZ     RSS   %MEM  Command
13:35:39        0     39831      7.00      0.00 1505480   47632   0.31  sync_slam_toolb

13:35:39      UID       PID    %usr %system  %guest   %wait    %CPU   CPU  Command
13:35:40        0     39831    5.00    1.00    0.00    0.00    6.00     6  sync_slam_toolb

13:35:39      UID       PID  minflt/s  majflt/s     VSZ     RSS   %MEM  Command
13:35:40        0     39831      0.00      0.00 1505480   47632   0.31  sync_slam_toolb

13:35:40      UID       PID    %usr %system  %guest   %wait    %CPU   CPU  Command
13:35:41        0     39831    5.00    1.00    0.00    0.00    6.00    10  sync_slam_toolb

13:35:40      UID       PID  minflt/s  majflt/s     VSZ     RSS   %MEM  Command
13:35:41        0     39831      0.00      0.00 1505480   47632   0.31  sync_slam_toolb

13:35:41      UID       PID    %usr %system  %guest   %wait    %CPU   CPU  Command
13:35:42        0     39831    8.00    1.00    0.00    0.00    9.00    12  sync_slam_toolb

13:35:41      UID       PID  minflt/s  majflt/s     VSZ     RSS   %MEM  Command
13:35:42        0     39831      5.00      0.00 1505480   47632   0.31  sync_slam_toolb

13:35:42      UID       PID    %usr %system  %guest   %wait    %CPU   CPU  Command
13:35:43        0     39831    6.00    0.00    0.00    0.00    6.00    10  sync_slam_toolb

13:35:42      UID       PID  minflt/s  majflt/s     VSZ     RSS   %MEM  Command
13:35:43        0     39831      0.00      0.00 1505480   47632   0.31  sync_slam_toolb

13:35:43      UID       PID    %usr %system  %guest   %wait    %CPU   CPU  Command
13:35:44        0     39831    6.00    1.00    0.00    0.00    7.00    12  sync_slam_toolb

13:35:43      UID       PID  minflt/s  majflt/s     VSZ     RSS   %MEM  Command
13:35:44        0     39831      0.00      0.00 1505480   47632   0.31  sync_slam_toolb

13:35:44      UID       PID    %usr %system  %guest   %wait    %CPU   CPU  Command
13:35:45        0     39831    8.00    1.00    0.00    0.00    9.00     8  sync_slam_toolb

13:35:44      UID       PID  minflt/s  majflt/s     VSZ     RSS   %MEM  Command
13:35:45        0     39831      6.00      0.00 1505480   47632   0.31  sync_slam_toolb

13:35:45      UID       PID    %usr %system  %guest   %wait    %CPU   CPU  Command
13:35:46        0     39831    6.00    0.00    0.00    0.00    6.00    10  sync_slam_toolb

13:35:45      UID       PID  minflt/s  majflt/s     VSZ     RSS   %MEM  Command
13:35:46        0     39831      0.00      0.00 1505480   47632   0.31  sync_slam_toolb

13:35:46      UID       PID    %usr %system  %guest   %wait    %CPU   CPU  Command
13:35:47        0     39831    5.00    1.00    0.00    0.00    6.00     8  sync_slam_toolb

13:35:46      UID       PID  minflt/s  majflt/s     VSZ     RSS   %MEM  Command
13:35:47        0     39831      0.00      0.00 1505480   47632   0.31  sync_slam_toolb

13:35:47      UID       PID    %usr %system  %guest   %wait    %CPU   CPU  Command
13:35:48        0     39831    6.00    1.00    0.00    0.00    7.00    12  sync_slam_toolb

13:35:47      UID       PID  minflt/s  majflt/s     VSZ     RSS   %MEM  Command
13:35:48        0     39831      0.00      0.00 1505480   47632   0.31  sync_slam_toolb

13:35:48      UID       PID    %usr %system  %guest   %wait    %CPU   CPU  Command
13:35:49        0     39831    8.00    1.00    0.00    0.00    9.00     2  sync_slam_toolb

13:35:48      UID       PID  minflt/s  majflt/s     VSZ     RSS   %MEM  Command
13:35:49        0     39831      6.00      0.00 1505480   47632   0.31  sync_slam_toolb

13:35:49      UID       PID    %usr %system  %guest   %wait    %CPU   CPU  Command
13:35:50        0     39831    6.00    0.00    0.00    0.00    6.00     6  sync_slam_toolb

13:35:49      UID       PID  minflt/s  majflt/s     VSZ     RSS   %MEM  Command
13:35:50        0     39831      0.00      0.00 1505480   47632   0.31  sync_slam_toolb

13:35:50      UID       PID    %usr %system  %guest   %wait    %CPU   CPU  Command
13:35:51        0     39831    8.00    2.00    0.00    0.00   10.00     2  sync_slam_toolb

13:35:50      UID       PID  minflt/s  majflt/s     VSZ     RSS   %MEM  Command
13:35:51        0     39831      7.00      0.00 1505480   47760   0.31  sync_slam_toolb

13:35:51      UID       PID    %usr %system  %guest   %wait    %CPU   CPU  Command
13:35:52        0     39831    5.00    0.00    0.00    0.00    5.00     4  sync_slam_toolb

13:35:51      UID       PID  minflt/s  majflt/s     VSZ     RSS   %MEM  Command
13:35:52        0     39831      0.00      0.00 1505480   47760   0.31  sync_slam_toolb

13:35:52      UID       PID    %usr %system  %guest   %wait    %CPU   CPU  Command
13:35:53        0     39831    7.00    0.00    0.00    0.00    7.00     6  sync_slam_toolb

13:35:52      UID       PID  minflt/s  majflt/s     VSZ     RSS   %MEM  Command
13:35:53        0     39831      0.00      0.00 1505480   47760   0.31  sync_slam_toolb

13:35:53      UID       PID    %usr %system  %guest   %wait    %CPU   CPU  Command
13:35:54        0     39831    8.00    1.00    0.00    0.00    9.00     2  sync_slam_toolb

13:35:53      UID       PID  minflt/s  majflt/s     VSZ     RSS   %MEM  Command
13:35:54        0     39831      6.00      0.00 1505480   47760   0.31  sync_slam_toolb

13:35:54      UID       PID    %usr %system  %guest   %wait    %CPU   CPU  Command
13:35:55        0     39831    6.00    1.00    0.00    0.00    7.00     2  sync_slam_toolb

13:35:54      UID       PID  minflt/s  majflt/s     VSZ     RSS   %MEM  Command
13:35:55        0     39831      0.00      0.00 1505480   47760   0.31  sync_slam_toolb

13:35:55      UID       PID    %usr %system  %guest   %wait    %CPU   CPU  Command
13:35:56        0     39831    6.00    0.00    0.00    0.00    6.00    14  sync_slam_toolb

13:35:55      UID       PID  minflt/s  majflt/s     VSZ     RSS   %MEM  Command
13:35:56        0     39831      0.00      0.00 1505480   47760   0.31  sync_slam_toolb

13:35:56      UID       PID    %usr %system  %guest   %wait    %CPU   CPU  Command
13:35:57        0     39831    8.00    1.00    0.00    0.00    9.00     0  sync_slam_toolb

13:35:56      UID       PID  minflt/s  majflt/s     VSZ     RSS   %MEM  Command
13:35:57        0     39831      6.00      0.00 1505480   47888   0.31  sync_slam_toolb

13:35:57      UID       PID    %usr %system  %guest   %wait    %CPU   CPU  Command
13:35:58        0     39831    9.00    1.00    0.00    0.00   10.00    14  sync_slam_toolb

13:35:57      UID       PID  minflt/s  majflt/s     VSZ     RSS   %MEM  Command
13:35:58        0     39831      7.00      0.00 1505480   47888   0.31  sync_slam_toolb

13:35:58      UID       PID    %usr %system  %guest   %wait    %CPU   CPU  Command
13:35:59        0     39831    6.00    1.00    0.00    0.00    7.00     0  sync_slam_toolb

13:35:58      UID       PID  minflt/s  majflt/s     VSZ     RSS   %MEM  Command
13:35:59        0     39831      0.00      0.00 1505480   47888   0.31  sync_slam_toolb

13:35:59      UID       PID    %usr %system  %guest   %wait    %CPU   CPU  Command
13:36:00        0     39831    6.00    0.00    0.00    0.00    6.00     1  sync_slam_toolb

13:35:59      UID       PID  minflt/s  majflt/s     VSZ     RSS   %MEM  Command
13:36:00        0     39831      0.00      0.00 1505480   47888   0.31  sync_slam_toolb

13:36:00      UID       PID    %usr %system  %guest   %wait    %CPU   CPU  Command
13:36:01        0     39831    5.00    0.00    0.00    0.00    5.00     4  sync_slam_toolb

13:36:00      UID       PID  minflt/s  majflt/s     VSZ     RSS   %MEM  Command
13:36:01        0     39831      0.00      0.00 1505480   47888   0.31  sync_slam_toolb

13:36:01      UID       PID    %usr %system  %guest   %wait    %CPU   CPU  Command
13:36:02        0     39831    6.00    1.00    0.00    0.00    7.00    12  sync_slam_toolb

13:36:01      UID       PID  minflt/s  majflt/s     VSZ     RSS   %MEM  Command
13:36:02        0     39831      0.00      0.00 1505480   47888   0.31  sync_slam_toolb

13:36:02      UID       PID    %usr %system  %guest   %wait    %CPU   CPU  Command
13:36:03        0     39831    9.00    1.00    0.00    0.00   10.00     0  sync_slam_toolb

13:36:02      UID       PID  minflt/s  majflt/s     VSZ     RSS   %MEM  Command
13:36:03        0     39831      6.00      0.00 1505480   47888   0.31  sync_slam_toolb

13:36:03      UID       PID    %usr %system  %guest   %wait    %CPU   CPU  Command
13:36:04        0     39831    5.00    0.00    0.00    0.00    5.00     6  sync_slam_toolb

13:36:03      UID       PID  minflt/s  majflt/s     VSZ     RSS   %MEM  Command
13:36:04        0     39831      0.00      0.00 1505480   47888   0.31  sync_slam_toolb

13:36:04      UID       PID    %usr %system  %guest   %wait    %CPU   CPU  Command
13:36:05        0     39831    8.00    2.00    0.00    0.00   10.00     0  sync_slam_toolb

13:36:04      UID       PID  minflt/s  majflt/s     VSZ     RSS   %MEM  Command
13:36:05        0     39831      6.00      0.00 1505480   48016   0.31  sync_slam_toolb

13:36:05      UID       PID    %usr %system  %guest   %wait    %CPU   CPU  Command
13:36:06        0     39831    6.00    0.00    0.00    0.00    6.00     0  sync_slam_toolb

13:36:05      UID       PID  minflt/s  majflt/s     VSZ     RSS   %MEM  Command
13:36:06        0     39831      0.00      0.00 1505480   48016   0.31  sync_slam_toolb

13:36:06      UID       PID    %usr %system  %guest   %wait    %CPU   CPU  Command
13:36:07        0     39831    6.00    1.00    0.00    0.00    7.00     6  sync_slam_toolb

13:36:06      UID       PID  minflt/s  majflt/s     VSZ     RSS   %MEM  Command
13:36:07        0     39831      0.00      0.00 1505480   48016   0.31  sync_slam_toolb

13:36:07      UID       PID    %usr %system  %guest   %wait    %CPU   CPU  Command
13:36:08        0     39831    9.00    0.00    0.00    0.00    9.00     0  sync_slam_toolb

13:36:07      UID       PID  minflt/s  majflt/s     VSZ     RSS   %MEM  Command
13:36:08        0     39831      6.00      0.00 1505480   48016   0.31  sync_slam_toolb

13:36:08      UID       PID    %usr %system  %guest   %wait    %CPU   CPU  Command
13:36:09        0     39831    6.00    1.00    0.00    0.00    7.00    14  sync_slam_toolb

13:36:08      UID       PID  minflt/s  majflt/s     VSZ     RSS   %MEM  Command
13:36:09        0     39831      0.00      0.00 1505480   48016   0.31  sync_slam_toolb

13:36:09      UID       PID    %usr %system  %guest   %wait    %CPU   CPU  Command
13:36:10        0     39831    6.00    0.00    0.00    0.00    6.00     0  sync_slam_toolb

13:36:09      UID       PID  minflt/s  majflt/s     VSZ     RSS   %MEM  Command
13:36:10        0     39831      0.00      0.00 1505480   48016   0.31  sync_slam_toolb

13:36:10      UID       PID    %usr %system  %guest   %wait    %CPU   CPU  Command
13:36:11        0     39831    5.00    1.00    0.00    0.00    6.00     2  sync_slam_toolb

13:36:10      UID       PID  minflt/s  majflt/s     VSZ     RSS   %MEM  Command
13:36:11        0     39831      0.00      0.00 1505480   48016   0.31  sync_slam_toolb

13:36:11      UID       PID    %usr %system  %guest   %wait    %CPU   CPU  Command
13:36:12        0     39831    8.00    2.00    0.00    0.00   10.00     7  sync_slam_toolb

13:36:11      UID       PID  minflt/s  majflt/s     VSZ     RSS   %MEM  Command
13:36:12        0     39831      6.00      0.00 1505480   48016   0.31  sync_slam_toolb

13:36:12      UID       PID    %usr %system  %guest   %wait    %CPU   CPU  Command
13:36:13        0     39831    6.00    0.00    0.00    0.00    6.00     7  sync_slam_toolb

13:36:12      UID       PID  minflt/s  majflt/s     VSZ     RSS   %MEM  Command
13:36:13        0     39831      0.00      0.00 1505480   48016   0.31  sync_slam_toolb

13:36:13      UID       PID    %usr %system  %guest   %wait    %CPU   CPU  Command
13:36:14        0     39831    8.00    1.00    0.00    0.00    9.00     2  sync_slam_toolb

13:36:13      UID       PID  minflt/s  majflt/s     VSZ     RSS   %MEM  Command
13:36:14        0     39831      6.00      0.00 1505480   48144   0.31  sync_slam_toolb

13:36:14      UID       PID    %usr %system  %guest   %wait    %CPU   CPU  Command
13:36:15        0     39831    4.95    0.99    0.00    0.00    5.94     7  sync_slam_toolb

13:36:14      UID       PID  minflt/s  majflt/s     VSZ     RSS   %MEM  Command
13:36:15        0     39831      0.00      0.00 1505480   48144   0.31  sync_slam_toolb

13:36:15      UID       PID    %usr %system  %guest   %wait    %CPU   CPU  Command
13:36:16        0     39831    8.00    1.00    0.00    0.00    9.00     7  sync_slam_toolb

13:36:15      UID       PID  minflt/s  majflt/s     VSZ     RSS   %MEM  Command
13:36:16        0     39831      6.00      0.00 1505480   48144   0.31  sync_slam_toolb

13:36:16      UID       PID    %usr %system  %guest   %wait    %CPU   CPU  Command
13:36:17        0     39831    5.00    1.00    0.00    0.00    6.00     7  sync_slam_toolb

13:36:16      UID       PID  minflt/s  majflt/s     VSZ     RSS   %MEM  Command
13:36:17        0     39831      0.00      0.00 1505480   48144   0.31  sync_slam_toolb

13:36:17      UID       PID    %usr %system  %guest   %wait    %CPU   CPU  Command
13:36:18        0     39831    5.00    1.00    0.00    0.00    6.00     7  sync_slam_toolb

13:36:17      UID       PID  minflt/s  majflt/s     VSZ     RSS   %MEM  Command
13:36:18        0     39831      0.00      0.00 1505480   48144   0.31  sync_slam_toolb

13:36:18      UID       PID    %usr %system  %guest   %wait    %CPU   CPU  Command
13:36:19        0     39831    8.00    1.00    0.00    0.00    9.00     7  sync_slam_toolb

13:36:18      UID       PID  minflt/s  majflt/s     VSZ     RSS   %MEM  Command
13:36:19        0     39831      6.00      0.00 1505480   48144   0.31  sync_slam_toolb

13:36:19      UID       PID    %usr %system  %guest   %wait    %CPU   CPU  Command
13:36:20        0     39831    6.00    1.00    0.00    0.00    7.00     2  sync_slam_toolb

13:36:19      UID       PID  minflt/s  majflt/s     VSZ     RSS   %MEM  Command
13:36:20        0     39831      0.00      0.00 1505480   48144   0.31  sync_slam_toolb

13:36:20      UID       PID    %usr %system  %guest   %wait    %CPU   CPU  Command
13:36:21        0     39831    9.00    1.00    0.00    0.00   10.00     2  sync_slam_toolb

13:36:20      UID       PID  minflt/s  majflt/s     VSZ     RSS   %MEM  Command
13:36:21        0     39831      3.00      0.00 1505480   48144   0.31  sync_slam_toolb

13:36:21      UID       PID    %usr %system  %guest   %wait    %CPU   CPU  Command
13:36:22        0     39831    6.00    1.00    0.00    0.00    7.00     7  sync_slam_toolb

13:36:21      UID       PID  minflt/s  majflt/s     VSZ     RSS   %MEM  Command
13:36:22        0     39831      0.00      0.00 1505480   48144   0.31  sync_slam_toolb

13:36:22      UID       PID    %usr %system  %guest   %wait    %CPU   CPU  Command
13:36:23        0     39831    5.00    1.00    0.00    0.00    6.00     7  sync_slam_toolb

13:36:22      UID       PID  minflt/s  majflt/s     VSZ     RSS   %MEM  Command
13:36:23        0     39831      0.00      0.00 1505480   48144   0.31  sync_slam_toolb

13:36:23      UID       PID    %usr %system  %guest   %wait    %CPU   CPU  Command
13:36:24        0     39831    9.00    1.00    0.00    0.00   10.00     7  sync_slam_toolb

13:36:23      UID       PID  minflt/s  majflt/s     VSZ     RSS   %MEM  Command
13:36:24        0     39831      8.00      0.00 1505480   48144   0.31  sync_slam_toolb

13:36:24      UID       PID    %usr %system  %guest   %wait    %CPU   CPU  Command
13:36:25        0     39831    6.00    0.00    0.00    0.00    6.00     7  sync_slam_toolb

13:36:24      UID       PID  minflt/s  majflt/s     VSZ     RSS   %MEM  Command
13:36:25        0     39831      0.00      0.00 1505480   48144   0.31  sync_slam_toolb

13:36:25      UID       PID    %usr %system  %guest   %wait    %CPU   CPU  Command
13:36:26        0     39831    9.00    1.00    0.00    0.00   10.00     4  sync_slam_toolb

13:36:25      UID       PID  minflt/s  majflt/s     VSZ     RSS   %MEM  Command
13:36:26        0     39831      7.00      0.00 1505480   48144   0.31  sync_slam_toolb

13:36:26      UID       PID    %usr %system  %guest   %wait    %CPU   CPU  Command
13:36:27        0     39831    6.00    0.00    0.00    0.00    6.00     4  sync_slam_toolb

13:36:26      UID       PID  minflt/s  majflt/s     VSZ     RSS   %MEM  Command
13:36:27        0     39831      0.00      0.00 1505480   48144   0.31  sync_slam_toolb

13:36:27      UID       PID    %usr %system  %guest   %wait    %CPU   CPU  Command
13:36:28        0     39831    5.00    1.00    0.00    0.00    6.00     4  sync_slam_toolb

13:36:27      UID       PID  minflt/s  majflt/s     VSZ     RSS   %MEM  Command
13:36:28        0     39831      0.00      0.00 1505480   48144   0.31  sync_slam_toolb

13:36:28      UID       PID    %usr %system  %guest   %wait    %CPU   CPU  Command
13:36:29        0     39831    5.00    1.00    0.00    0.00    6.00     4  sync_slam_toolb

13:36:28      UID       PID  minflt/s  majflt/s     VSZ     RSS   %MEM  Command
13:36:29        0     39831      0.00      0.00 1505480   48144   0.31  sync_slam_toolb

13:36:29      UID       PID    %usr %system  %guest   %wait    %CPU   CPU  Command
13:36:30        0     39831    6.00    1.00    0.00    0.00    7.00     6  sync_slam_toolb

13:36:29      UID       PID  minflt/s  majflt/s     VSZ     RSS   %MEM  Command
13:36:30        0     39831      0.00      0.00 1505480   48144   0.31  sync_slam_toolb

13:36:30      UID       PID    %usr %system  %guest   %wait    %CPU   CPU  Command
13:36:31        0     39831    6.00    0.00    0.00    0.00    6.00     2  sync_slam_toolb

13:36:30      UID       PID  minflt/s  majflt/s     VSZ     RSS   %MEM  Command
13:36:31        0     39831      0.00      0.00 1505480   48144   0.31  sync_slam_toolb

13:36:31      UID       PID    %usr %system  %guest   %wait    %CPU   CPU  Command
13:36:32        0     39831   10.00    1.00    0.00    0.00   11.00     8  sync_slam_toolb

13:36:31      UID       PID  minflt/s  majflt/s     VSZ     RSS   %MEM  Command
13:36:32        0     39831      6.00      0.00 1505480   48272   0.31  sync_slam_toolb

13:36:32      UID       PID    %usr %system  %guest   %wait    %CPU   CPU  Command
13:36:33        0     39831    5.00    1.00    0.00    0.00    6.00     6  sync_slam_toolb

13:36:32      UID       PID  minflt/s  majflt/s     VSZ     RSS   %MEM  Command
13:36:33        0     39831      0.00      0.00 1505480   48272   0.31  sync_slam_toolb

13:36:33      UID       PID    %usr %system  %guest   %wait    %CPU   CPU  Command
13:36:34        0     39831    9.00    0.00    0.00    0.00    9.00     6  sync_slam_toolb

13:36:33      UID       PID  minflt/s  majflt/s     VSZ     RSS   %MEM  Command
13:36:34        0     39831      4.00      0.00 1505480   48272   0.31  sync_slam_toolb

13:36:34      UID       PID    %usr %system  %guest   %wait    %CPU   CPU  Command
13:36:35        0     39831    6.00    1.00    0.00    0.00    7.00     2  sync_slam_toolb

13:36:34      UID       PID  minflt/s  majflt/s     VSZ     RSS   %MEM  Command
13:36:35        0     39831      0.00      0.00 1505480   48272   0.31  sync_slam_toolb

13:36:35      UID       PID    %usr %system  %guest   %wait    %CPU   CPU  Command
13:36:36        0     39831    9.00    1.00    0.00    0.00   10.00     8  sync_slam_toolb

13:36:35      UID       PID  minflt/s  majflt/s     VSZ     RSS   %MEM  Command
13:36:36        0     39831      7.00      0.00 1505480   48272   0.31  sync_slam_toolb

13:36:36      UID       PID    %usr %system  %guest   %wait    %CPU   CPU  Command
13:36:37        0     39831    5.00    1.00    0.00    0.00    6.00     1  sync_slam_toolb

13:36:36      UID       PID  minflt/s  majflt/s     VSZ     RSS   %MEM  Command
13:36:37        0     39831      0.00      0.00 1505480   48272   0.31  sync_slam_toolb

13:36:37      UID       PID    %usr %system  %guest   %wait    %CPU   CPU  Command
13:36:38        0     39831    6.00    1.00    0.00    0.00    7.00     1  sync_slam_toolb

13:36:37      UID       PID  minflt/s  majflt/s     VSZ     RSS   %MEM  Command
13:36:38        0     39831      0.00      0.00 1505480   48272   0.31  sync_slam_toolb

13:36:38      UID       PID    %usr %system  %guest   %wait    %CPU   CPU  Command
13:36:39        0     39831    5.00    2.00    0.00    0.00    7.00     1  sync_slam_toolb

13:36:38      UID       PID  minflt/s  majflt/s     VSZ     RSS   %MEM  Command
13:36:39        0     39831      0.00      0.00 1505480   48272   0.31  sync_slam_toolb

13:36:39      UID       PID    %usr %system  %guest   %wait    %CPU   CPU  Command
13:36:40        0     39831    6.00    0.00    0.00    0.00    6.00     4  sync_slam_toolb

13:36:39      UID       PID  minflt/s  majflt/s     VSZ     RSS   %MEM  Command
13:36:40        0     39831      0.00      0.00 1505480   48272   0.31  sync_slam_toolb

13:36:40      UID       PID    %usr %system  %guest   %wait    %CPU   CPU  Command
13:36:41        0     39831    6.00    1.00    0.00    0.00    7.00     4  sync_slam_toolb

13:36:40      UID       PID  minflt/s  majflt/s     VSZ     RSS   %MEM  Command
13:36:41        0     39831      0.00      0.00 1505480   48272   0.31  sync_slam_toolb

13:36:41      UID       PID    %usr %system  %guest   %wait    %CPU   CPU  Command
13:36:42        0     39831   10.00    0.00    0.00    0.00   10.00     0  sync_slam_toolb

13:36:41      UID       PID  minflt/s  majflt/s     VSZ     RSS   %MEM  Command
13:36:42        0     39831      7.00      0.00 1505480   48272   0.31  sync_slam_toolb

13:36:42      UID       PID    %usr %system  %guest   %wait    %CPU   CPU  Command
13:36:43        0     39831    6.00    1.00    0.00    0.00    7.00     0  sync_slam_toolb

13:36:42      UID       PID  minflt/s  majflt/s     VSZ     RSS   %MEM  Command
13:36:43        0     39831      0.00      0.00 1505480   48272   0.31  sync_slam_toolb

13:36:43      UID       PID    %usr %system  %guest   %wait    %CPU   CPU  Command
13:36:44        0     39831    6.00    0.00    0.00    0.00    6.00     0  sync_slam_toolb

13:36:43      UID       PID  minflt/s  majflt/s     VSZ     RSS   %MEM  Command
13:36:44        0     39831      0.00      0.00 1505480   48272   0.31  sync_slam_toolb

13:36:44      UID       PID    %usr %system  %guest   %wait    %CPU   CPU  Command
13:36:45        0     39831    9.00    1.00    0.00    0.00   10.00     2  sync_slam_toolb

13:36:44      UID       PID  minflt/s  majflt/s     VSZ     RSS   %MEM  Command
13:36:45        0     39831      6.00      0.00 1505480   48272   0.31  sync_slam_toolb

13:36:45      UID       PID    %usr %system  %guest   %wait    %CPU   CPU  Command
13:36:46        0     39831    5.00    1.00    0.00    0.00    6.00     6  sync_slam_toolb

13:36:45      UID       PID  minflt/s  majflt/s     VSZ     RSS   %MEM  Command
13:36:46        0     39831      0.00      0.00 1505480   48272   0.31  sync_slam_toolb

13:36:46      UID       PID    %usr %system  %guest   %wait    %CPU   CPU  Command
13:36:47        0     39831   10.00    1.00    0.00    0.00   11.00     4  sync_slam_toolb

13:36:46      UID       PID  minflt/s  majflt/s     VSZ     RSS   %MEM  Command
13:36:47        0     39831      6.00      0.00 1505480   48272   0.31  sync_slam_toolb

13:36:47      UID       PID    %usr %system  %guest   %wait    %CPU   CPU  Command
13:36:48        0     39831    6.00    1.00    0.00    0.00    7.00    14  sync_slam_toolb

13:36:47      UID       PID  minflt/s  majflt/s     VSZ     RSS   %MEM  Command
13:36:48        0     39831      0.00      0.00 1505480   48272   0.31  sync_slam_toolb

13:36:48      UID       PID    %usr %system  %guest   %wait    %CPU   CPU  Command
13:36:49        0     39831    5.00    1.00    0.00    0.00    6.00     6  sync_slam_toolb

13:36:48      UID       PID  minflt/s  majflt/s     VSZ     RSS   %MEM  Command
13:36:49        0     39831      0.00      0.00 1505480   48272   0.31  sync_slam_toolb

13:36:49      UID       PID    %usr %system  %guest   %wait    %CPU   CPU  Command
13:36:50        0     39831    9.00    2.00    0.00    0.00   11.00    14  sync_slam_toolb

13:36:49      UID       PID  minflt/s  majflt/s     VSZ     RSS   %MEM  Command
13:36:50        0     39831      7.00      0.00 1505480   48272   0.31  sync_slam_toolb

13:36:50      UID       PID    %usr %system  %guest   %wait    %CPU   CPU  Command
13:36:51        0     39831    6.00    0.00    0.00    0.00    6.00    14  sync_slam_toolb

13:36:50      UID       PID  minflt/s  majflt/s     VSZ     RSS   %MEM  Command
13:36:51        0     39831      0.00      0.00 1505480   48272   0.31  sync_slam_toolb

13:36:51      UID       PID    %usr %system  %guest   %wait    %CPU   CPU  Command
13:36:52        0     39831    7.00    0.00    0.00    0.00    7.00     6  sync_slam_toolb

13:36:51      UID       PID  minflt/s  majflt/s     VSZ     RSS   %MEM  Command
13:36:52        0     39831      0.00      0.00 1505480   48272   0.31  sync_slam_toolb

13:36:52      UID       PID    %usr %system  %guest   %wait    %CPU   CPU  Command
13:36:53        0     39831    6.00    1.00    0.00    0.00    7.00     8  sync_slam_toolb

13:36:52      UID       PID  minflt/s  majflt/s     VSZ     RSS   %MEM  Command
13:36:53        0     39831      0.00      0.00 1505480   48272   0.31  sync_slam_toolb

13:36:53      UID       PID    %usr %system  %guest   %wait    %CPU   CPU  Command
13:36:54        0     39831    6.00    0.00    0.00    0.00    6.00    10  sync_slam_toolb

13:36:53      UID       PID  minflt/s  majflt/s     VSZ     RSS   %MEM  Command
13:36:54        0     39831      0.00      0.00 1505480   48272   0.31  sync_slam_toolb

13:36:54      UID       PID    %usr %system  %guest   %wait    %CPU   CPU  Command
13:36:55        0     39831    6.00    1.00    0.00    0.00    7.00    10  sync_slam_toolb

13:36:54      UID       PID  minflt/s  majflt/s     VSZ     RSS   %MEM  Command
13:36:55        0     39831      0.00      0.00 1505480   48272   0.31  sync_slam_toolb

13:36:55      UID       PID    %usr %system  %guest   %wait    %CPU   CPU  Command
13:36:56        0     39831    6.00    1.00    0.00    0.00    7.00     8  sync_slam_toolb

13:36:55      UID       PID  minflt/s  majflt/s     VSZ     RSS   %MEM  Command
13:36:56        0     39831      0.00      0.00 1505480   48272   0.31  sync_slam_toolb

13:36:56      UID       PID    %usr %system  %guest   %wait    %CPU   CPU  Command
13:36:57        0     39831    6.00    1.00    0.00    0.00    7.00    10  sync_slam_toolb

13:36:56      UID       PID  minflt/s  majflt/s     VSZ     RSS   %MEM  Command
13:36:57        0     39831      0.00      0.00 1505480   48272   0.31  sync_slam_toolb

13:36:57      UID       PID    %usr %system  %guest   %wait    %CPU   CPU  Command
13:36:58        0     39831    5.00    1.00    0.00    0.00    6.00    10  sync_slam_toolb

13:36:57      UID       PID  minflt/s  majflt/s     VSZ     RSS   %MEM  Command
13:36:58        0     39831      0.00      0.00 1505480   48272   0.31  sync_slam_toolb

13:36:58      UID       PID    %usr %system  %guest   %wait    %CPU   CPU  Command
13:36:59        0     39831    6.00    0.00    0.00    0.00    6.00     0  sync_slam_toolb

13:36:58      UID       PID  minflt/s  majflt/s     VSZ     RSS   %MEM  Command
13:36:59        0     39831      0.00      0.00 1505480   48272   0.31  sync_slam_toolb

13:36:59      UID       PID    %usr %system  %guest   %wait    %CPU   CPU  Command
13:37:00        0     39831   10.00    1.00    0.00    0.00   11.00    12  sync_slam_toolb

13:36:59      UID       PID  minflt/s  majflt/s     VSZ     RSS   %MEM  Command
13:37:00        0     39831      6.00      0.00 1505480   48272   0.31  sync_slam_toolb

13:37:00      UID       PID    %usr %system  %guest   %wait    %CPU   CPU  Command
13:37:01        0     39831    6.00    0.00    0.00    0.00    6.00     3  sync_slam_toolb

13:37:00      UID       PID  minflt/s  majflt/s     VSZ     RSS   %MEM  Command
13:37:01        0     39831      0.00      0.00 1505480   48272   0.31  sync_slam_toolb

13:37:01      UID       PID    %usr %system  %guest   %wait    %CPU   CPU  Command
13:37:02        0     39831    6.00    1.00    0.00    0.00    7.00     0  sync_slam_toolb

13:37:01      UID       PID  minflt/s  majflt/s     VSZ     RSS   %MEM  Command
13:37:02        0     39831      0.00      0.00 1505480   48272   0.31  sync_slam_toolb

13:37:02      UID       PID    %usr %system  %guest   %wait    %CPU   CPU  Command
13:37:03        0     39831   10.00    1.00    0.00    0.00   11.00     6  sync_slam_toolb

13:37:02      UID       PID  minflt/s  majflt/s     VSZ     RSS   %MEM  Command
13:37:03        0     39831      6.00      0.00 1505480   48272   0.31  sync_slam_toolb

13:37:03      UID       PID    %usr %system  %guest   %wait    %CPU   CPU  Command
13:37:04        0     39831    5.00    0.00    0.00    0.00    5.00     3  sync_slam_toolb

13:37:03      UID       PID  minflt/s  majflt/s     VSZ     RSS   %MEM  Command
13:37:04        0     39831      0.00      0.00 1505480   48272   0.31  sync_slam_toolb

13:37:04      UID       PID    %usr %system  %guest   %wait    %CPU   CPU  Command
13:37:05        0     39831    6.00    1.00    0.00    0.00    7.00    12  sync_slam_toolb

13:37:04      UID       PID  minflt/s  majflt/s     VSZ     RSS   %MEM  Command
13:37:05        0     39831      0.00      0.00 1505480   48272   0.31  sync_slam_toolb

13:37:05      UID       PID    %usr %system  %guest   %wait    %CPU   CPU  Command
13:37:06        0     39831    6.00    1.00    0.00    0.00    7.00     3  sync_slam_toolb

13:37:05      UID       PID  minflt/s  majflt/s     VSZ     RSS   %MEM  Command
13:37:06        0     39831      0.00      0.00 1505480   48272   0.31  sync_slam_toolb

13:37:06      UID       PID    %usr %system  %guest   %wait    %CPU   CPU  Command
13:37:07        0     39831    6.00    0.00    0.00    0.00    6.00    10  sync_slam_toolb

13:37:06      UID       PID  minflt/s  majflt/s     VSZ     RSS   %MEM  Command
13:37:07        0     39831      0.00      0.00 1505480   48272   0.31  sync_slam_toolb

13:37:07      UID       PID    %usr %system  %guest   %wait    %CPU   CPU  Command
13:37:08        0     39831    6.00    1.00    0.00    0.00    7.00     2  sync_slam_toolb

13:37:07      UID       PID  minflt/s  majflt/s     VSZ     RSS   %MEM  Command
13:37:08        0     39831      0.00      0.00 1505480   48272   0.31  sync_slam_toolb

13:37:08      UID       PID    %usr %system  %guest   %wait    %CPU   CPU  Command
13:37:09        0     39831   10.00    1.00    0.00    0.00   11.00     2  sync_slam_toolb

13:37:08      UID       PID  minflt/s  majflt/s     VSZ     RSS   %MEM  Command
13:37:09        0     39831      6.00      0.00 1505480   48400   0.31  sync_slam_toolb

13:37:09      UID       PID    %usr %system  %guest   %wait    %CPU   CPU  Command
13:37:10        0     39831    6.00    0.00    0.00    0.00    6.00     2  sync_slam_toolb

13:37:09      UID       PID  minflt/s  majflt/s     VSZ     RSS   %MEM  Command
13:37:10        0     39831      0.00      0.00 1505480   48400   0.31  sync_slam_toolb

13:37:10      UID       PID    %usr %system  %guest   %wait    %CPU   CPU  Command
13:37:11        0     39831    7.00    1.00    0.00    0.00    8.00     8  sync_slam_toolb

13:37:10      UID       PID  minflt/s  majflt/s     VSZ     RSS   %MEM  Command
13:37:11        0     39831      0.00      0.00 1505480   48400   0.31  sync_slam_toolb

13:37:11      UID       PID    %usr %system  %guest   %wait    %CPU   CPU  Command
13:37:12        0     39831    9.00    1.00    0.00    0.00   10.00     8  sync_slam_toolb

13:37:11      UID       PID  minflt/s  majflt/s     VSZ     RSS   %MEM  Command
13:37:12        0     39831      6.00      0.00 1505480   48400   0.31  sync_slam_toolb

13:37:12      UID       PID    %usr %system  %guest   %wait    %CPU   CPU  Command
13:37:13        0     39831    8.00    2.00    0.00    0.00   10.00     8  sync_slam_toolb

13:37:12      UID       PID  minflt/s  majflt/s     VSZ     RSS   %MEM  Command
13:37:13        0     39831      6.00      0.00 1505480   48400   0.31  sync_slam_toolb

13:37:13      UID       PID    %usr %system  %guest   %wait    %CPU   CPU  Command
13:37:14        0     39831    6.00    0.00    0.00    0.00    6.00     8  sync_slam_toolb

13:37:13      UID       PID  minflt/s  majflt/s     VSZ     RSS   %MEM  Command
13:37:14        0     39831      0.00      0.00 1505480   48400   0.31  sync_slam_toolb

13:37:14      UID       PID    %usr %system  %guest   %wait    %CPU   CPU  Command
13:37:15        0     39831    6.00    1.00    0.00    0.00    7.00     6  sync_slam_toolb

13:37:14      UID       PID  minflt/s  majflt/s     VSZ     RSS   %MEM  Command
13:37:15        0     39831      0.00      0.00 1505480   48400   0.31  sync_slam_toolb

13:37:15      UID       PID    %usr %system  %guest   %wait    %CPU   CPU  Command
13:37:16        0     39831    8.00    1.00    0.00    0.00    9.00     2  sync_slam_toolb

13:37:15      UID       PID  minflt/s  majflt/s     VSZ     RSS   %MEM  Command
13:37:16        0     39831      6.00      0.00 1505480   48528   0.31  sync_slam_toolb

13:37:16      UID       PID    %usr %system  %guest   %wait    %CPU   CPU  Command
13:37:17        0     39831    5.00    1.00    0.00    0.00    6.00     4  sync_slam_toolb

13:37:16      UID       PID  minflt/s  majflt/s     VSZ     RSS   %MEM  Command
13:37:17        0     39831      0.00      0.00 1505480   48528   0.31  sync_slam_toolb

13:37:17      UID       PID    %usr %system  %guest   %wait    %CPU   CPU  Command
13:37:18        0     39831    6.00    1.00    0.00    0.00    7.00     4  sync_slam_toolb

13:37:17      UID       PID  minflt/s  majflt/s     VSZ     RSS   %MEM  Command
13:37:18        0     39831      0.00      0.00 1505480   48528   0.31  sync_slam_toolb

13:37:18      UID       PID    %usr %system  %guest   %wait    %CPU   CPU  Command
13:37:19        0     39831    9.00    0.00    0.00    0.00    9.00     4  sync_slam_toolb

13:37:18      UID       PID  minflt/s  majflt/s     VSZ     RSS   %MEM  Command
13:37:19        0     39831      6.00      0.00 1505480   48528   0.31  sync_slam_toolb

13:37:19      UID       PID    %usr %system  %guest   %wait    %CPU   CPU  Command
13:37:20        0     39831    6.00    1.00    0.00    0.00    7.00     7  sync_slam_toolb

13:37:19      UID       PID  minflt/s  majflt/s     VSZ     RSS   %MEM  Command
13:37:20        0     39831      0.00      0.00 1505480   48528   0.31  sync_slam_toolb

13:37:20      UID       PID    %usr %system  %guest   %wait    %CPU   CPU  Command
13:37:21        0     39831    6.00    1.00    0.00    0.00    7.00     8  sync_slam_toolb

13:37:20      UID       PID  minflt/s  majflt/s     VSZ     RSS   %MEM  Command
13:37:21        0     39831      0.00      0.00 1505480   48528   0.31  sync_slam_toolb

13:37:21      UID       PID    %usr %system  %guest   %wait    %CPU   CPU  Command
13:37:22        0     39831    6.00    1.00    0.00    0.00    7.00     2  sync_slam_toolb

13:37:21      UID       PID  minflt/s  majflt/s     VSZ     RSS   %MEM  Command
13:37:22        0     39831      0.00      0.00 1505480   48528   0.31  sync_slam_toolb

13:37:22      UID       PID    %usr %system  %guest   %wait    %CPU   CPU  Command
13:37:23        0     39831    9.00    1.00    0.00    0.00   10.00    10  sync_slam_toolb

13:37:22      UID       PID  minflt/s  majflt/s     VSZ     RSS   %MEM  Command
13:37:23        0     39831      6.00      0.00 1505480   48528   0.31  sync_slam_toolb

13:37:23      UID       PID    %usr %system  %guest   %wait    %CPU   CPU  Command
13:37:24        0     39831    6.00    0.00    0.00    0.00    6.00     8  sync_slam_toolb

13:37:23      UID       PID  minflt/s  majflt/s     VSZ     RSS   %MEM  Command
13:37:24        0     39831      0.00      0.00 1505480   48528   0.31  sync_slam_toolb

13:37:24      UID       PID    %usr %system  %guest   %wait    %CPU   CPU  Command
13:37:25        0     39831    9.00    2.00    0.00    0.00   11.00     8  sync_slam_toolb

13:37:24      UID       PID  minflt/s  majflt/s     VSZ     RSS   %MEM  Command
13:37:25        0     39831      6.00      0.00 1505480   48528   0.31  sync_slam_toolb

13:37:25      UID       PID    %usr %system  %guest   %wait    %CPU   CPU  Command
13:37:26        0     39831    6.00    1.00    0.00    0.00    7.00     8  sync_slam_toolb

13:37:25      UID       PID  minflt/s  majflt/s     VSZ     RSS   %MEM  Command
13:37:26        0     39831      0.00      0.00 1505480   48528   0.31  sync_slam_toolb

13:37:26      UID       PID    %usr %system  %guest   %wait    %CPU   CPU  Command
13:37:27        0     39831    6.00    0.00    0.00    0.00    6.00    10  sync_slam_toolb

13:37:26      UID       PID  minflt/s  majflt/s     VSZ     RSS   %MEM  Command
13:37:27        0     39831      0.00      0.00 1505480   48528   0.31  sync_slam_toolb

13:37:27      UID       PID    %usr %system  %guest   %wait    %CPU   CPU  Command
13:37:28        0     39831    5.00    1.00    0.00    0.00    6.00     4  sync_slam_toolb

13:37:27      UID       PID  minflt/s  majflt/s     VSZ     RSS   %MEM  Command
13:37:28        0     39831      0.00      0.00 1505480   48528   0.31  sync_slam_toolb

13:37:28      UID       PID    %usr %system  %guest   %wait    %CPU   CPU  Command
13:37:29        0     39831    7.00    1.00    0.00    0.00    8.00     6  sync_slam_toolb

13:37:28      UID       PID  minflt/s  majflt/s     VSZ     RSS   %MEM  Command
13:37:29        0     39831      0.00      0.00 1505480   48528   0.31  sync_slam_toolb

13:37:29      UID       PID    %usr %system  %guest   %wait    %CPU   CPU  Command
13:37:30        0     39831    6.00    0.00    0.00    0.00    6.00    10  sync_slam_toolb

13:37:29      UID       PID  minflt/s  majflt/s     VSZ     RSS   %MEM  Command
13:37:30        0     39831      0.00      0.00 1505480   48528   0.31  sync_slam_toolb

13:37:30      UID       PID    %usr %system  %guest   %wait    %CPU   CPU  Command
13:37:31        0     39831    6.00    1.00    0.00    0.00    7.00    10  sync_slam_toolb

13:37:30      UID       PID  minflt/s  majflt/s     VSZ     RSS   %MEM  Command
13:37:31        0     39831      0.00      0.00 1505480   48528   0.31  sync_slam_toolb

13:37:31      UID       PID    %usr %system  %guest   %wait    %CPU   CPU  Command
13:37:32        0     39831    6.00    1.00    0.00    0.00    7.00     0  sync_slam_toolb

13:37:31      UID       PID  minflt/s  majflt/s     VSZ     RSS   %MEM  Command
13:37:32        0     39831      0.00      0.00 1505480   48528   0.31  sync_slam_toolb

13:37:32      UID       PID    %usr %system  %guest   %wait    %CPU   CPU  Command
13:37:33        0     39831    8.00    2.00    0.00    0.00   10.00     7  sync_slam_toolb

13:37:32      UID       PID  minflt/s  majflt/s     VSZ     RSS   %MEM  Command
13:37:33        0     39831      6.00      0.00 1505480   48528   0.31  sync_slam_toolb

13:37:33      UID       PID    %usr %system  %guest   %wait    %CPU   CPU  Command
13:37:34        0     39831    6.00    0.00    0.00    0.00    6.00     7  sync_slam_toolb

13:37:33      UID       PID  minflt/s  majflt/s     VSZ     RSS   %MEM  Command
13:37:34        0     39831      0.00      0.00 1505480   48528   0.31  sync_slam_toolb

13:37:34      UID       PID    %usr %system  %guest   %wait    %CPU   CPU  Command
13:37:35        0     39831    5.00    1.00    0.00    0.00    6.00     8  sync_slam_toolb

13:37:34      UID       PID  minflt/s  majflt/s     VSZ     RSS   %MEM  Command
13:37:35        0     39831      0.00      0.00 1505480   48528   0.31  sync_slam_toolb

13:37:35      UID       PID    %usr %system  %guest   %wait    %CPU   CPU  Command
13:37:36        0     39831    6.00    1.00    0.00    0.00    7.00     8  sync_slam_toolb

13:37:35      UID       PID  minflt/s  majflt/s     VSZ     RSS   %MEM  Command
13:37:36        0     39831      0.00      0.00 1505480   48528   0.31  sync_slam_toolb

13:37:36      UID       PID    %usr %system  %guest   %wait    %CPU   CPU  Command
13:37:37        0     39831    6.00    1.00    0.00    0.00    7.00     2  sync_slam_toolb

13:37:36      UID       PID  minflt/s  majflt/s     VSZ     RSS   %MEM  Command
13:37:37        0     39831      0.00      0.00 1505480   48528   0.31  sync_slam_toolb

13:37:37      UID       PID    %usr %system  %guest   %wait    %CPU   CPU  Command
13:37:38        0     39831    9.00    1.00    0.00    0.00   10.00    14  sync_slam_toolb

13:37:37      UID       PID  minflt/s  majflt/s     VSZ     RSS   %MEM  Command
13:37:38        0     39831      6.00      0.00 1505480   48528   0.31  sync_slam_toolb

13:37:38      UID       PID    %usr %system  %guest   %wait    %CPU   CPU  Command
13:37:39        0     39831    6.00    0.00    0.00    0.00    6.00    14  sync_slam_toolb

13:37:38      UID       PID  minflt/s  majflt/s     VSZ     RSS   %MEM  Command
13:37:39        0     39831      0.00      0.00 1505480   48528   0.31  sync_slam_toolb

13:37:39      UID       PID    %usr %system  %guest   %wait    %CPU   CPU  Command
13:37:40        0     39831    9.00    1.00    0.00    0.00   10.00     2  sync_slam_toolb

13:37:39      UID       PID  minflt/s  majflt/s     VSZ     RSS   %MEM  Command
13:37:40        0     39831      8.00      0.00 1505480   48528   0.31  sync_slam_toolb

13:37:40      UID       PID    %usr %system  %guest   %wait    %CPU   CPU  Command
13:37:41        0     39831    6.00    1.00    0.00    0.00    7.00    12  sync_slam_toolb

13:37:40      UID       PID  minflt/s  majflt/s     VSZ     RSS   %MEM  Command
13:37:41        0     39831      0.00      0.00 1505480   48528   0.31  sync_slam_toolb

13:37:41      UID       PID    %usr %system  %guest   %wait    %CPU   CPU  Command
13:37:42        0     39831    7.00    0.00    0.00    0.00    7.00    14  sync_slam_toolb

13:37:41      UID       PID  minflt/s  majflt/s     VSZ     RSS   %MEM  Command
13:37:42        0     39831      0.00      0.00 1505480   48528   0.31  sync_slam_toolb

13:37:42      UID       PID    %usr %system  %guest   %wait    %CPU   CPU  Command
13:37:43        0     39831    8.00    2.00    0.00    0.00   10.00    12  sync_slam_toolb

13:37:42      UID       PID  minflt/s  majflt/s     VSZ     RSS   %MEM  Command
13:37:43        0     39831      6.00      0.00 1505480   48656   0.31  sync_slam_toolb

13:37:43      UID       PID    %usr %system  %guest   %wait    %CPU   CPU  Command
13:37:44        0     39831    8.00    1.00    0.00    0.00    9.00     2  sync_slam_toolb

13:37:43      UID       PID  minflt/s  majflt/s     VSZ     RSS   %MEM  Command
13:37:44        0     39831      6.00      0.00 1505480   48656   0.31  sync_slam_toolb

13:37:44      UID       PID    %usr %system  %guest   %wait    %CPU   CPU  Command
13:37:45        0     39831    5.00    1.00    0.00    0.00    6.00     2  sync_slam_toolb

13:37:44      UID       PID  minflt/s  majflt/s     VSZ     RSS   %MEM  Command
13:37:45        0     39831      0.00      0.00 1505480   48656   0.31  sync_slam_toolb

13:37:45      UID       PID    %usr %system  %guest   %wait    %CPU   CPU  Command
13:37:46        0     39831    7.00    0.00    0.00    0.00    7.00    14  sync_slam_toolb

13:37:45      UID       PID  minflt/s  majflt/s     VSZ     RSS   %MEM  Command
13:37:46        0     39831      0.00      0.00 1505480   48656   0.31  sync_slam_toolb

13:37:46      UID       PID    %usr %system  %guest   %wait    %CPU   CPU  Command
13:37:47        0     39831    6.00    0.00    0.00    0.00    6.00    14  sync_slam_toolb

13:37:46      UID       PID  minflt/s  majflt/s     VSZ     RSS   %MEM  Command
13:37:47        0     39831      0.00      0.00 1505480   48656   0.31  sync_slam_toolb

13:37:47      UID       PID    %usr %system  %guest   %wait    %CPU   CPU  Command
13:37:48        0     39831    6.00    1.00    0.00    0.00    7.00     6  sync_slam_toolb

13:37:47      UID       PID  minflt/s  majflt/s     VSZ     RSS   %MEM  Command
13:37:48        0     39831      0.00      0.00 1505480   48656   0.31  sync_slam_toolb

13:37:48      UID       PID    %usr %system  %guest   %wait    %CPU   CPU  Command
13:37:49        0     39831    5.00    2.00    0.00    0.00    7.00    14  sync_slam_toolb

13:37:48      UID       PID  minflt/s  majflt/s     VSZ     RSS   %MEM  Command
13:37:49        0     39831      0.00      0.00 1505480   48656   0.31  sync_slam_toolb

13:37:49      UID       PID    %usr %system  %guest   %wait    %CPU   CPU  Command
13:37:50        0     39831    5.00    2.00    0.00    0.00    7.00     0  sync_slam_toolb

13:37:49      UID       PID  minflt/s  majflt/s     VSZ     RSS   %MEM  Command
13:37:50        0     39831      0.00      0.00 1505480   48656   0.31  sync_slam_toolb

13:37:50      UID       PID    %usr %system  %guest   %wait    %CPU   CPU  Command
13:37:51        0     39831    7.00    0.00    0.00    0.00    7.00     2  sync_slam_toolb

13:37:50      UID       PID  minflt/s  majflt/s     VSZ     RSS   %MEM  Command
13:37:51        0     39831      0.00      0.00 1505480   48656   0.31  sync_slam_toolb

13:37:51      UID       PID    %usr %system  %guest   %wait    %CPU   CPU  Command
13:37:52        0     39831    6.00    1.00    0.00    0.00    7.00     6  sync_slam_toolb

13:37:51      UID       PID  minflt/s  majflt/s     VSZ     RSS   %MEM  Command
13:37:52        0     39831      0.00      0.00 1505480   48656   0.31  sync_slam_toolb

13:37:52      UID       PID    %usr %system  %guest   %wait    %CPU   CPU  Command
13:37:53        0     39831    9.00    0.00    0.00    0.00    9.00     4  sync_slam_toolb

13:37:52      UID       PID  minflt/s  majflt/s     VSZ     RSS   %MEM  Command
13:37:53        0     39831      6.00      0.00 1505480   48784   0.31  sync_slam_toolb

13:37:53      UID       PID    %usr %system  %guest   %wait    %CPU   CPU  Command
13:37:54        0     39831    7.00    1.00    0.00    0.00    8.00     4  sync_slam_toolb

13:37:53      UID       PID  minflt/s  majflt/s     VSZ     RSS   %MEM  Command
13:37:54        0     39831      0.00      0.00 1505480   48784   0.31  sync_slam_toolb

13:37:54      UID       PID    %usr %system  %guest   %wait    %CPU   CPU  Command
13:37:55        0     39831    6.00    0.00    0.00    0.00    6.00     6  sync_slam_toolb

13:37:54      UID       PID  minflt/s  majflt/s     VSZ     RSS   %MEM  Command
13:37:55        0     39831      0.00      0.00 1505480   48784   0.31  sync_slam_toolb

13:37:55      UID       PID    %usr %system  %guest   %wait    %CPU   CPU  Command
13:37:56        0     39831    6.00    1.00    0.00    0.00    7.00    14  sync_slam_toolb

13:37:55      UID       PID  minflt/s  majflt/s     VSZ     RSS   %MEM  Command
13:37:56        0     39831      0.00      0.00 1505480   48784   0.31  sync_slam_toolb

13:37:56      UID       PID    %usr %system  %guest   %wait    %CPU   CPU  Command
13:37:57        0     39831    9.00    0.00    0.00    0.00    9.00     6  sync_slam_toolb

13:37:56      UID       PID  minflt/s  majflt/s     VSZ     RSS   %MEM  Command
13:37:57        0     39831      6.00      0.00 1505480   48912   0.31  sync_slam_toolb

13:37:57      UID       PID    %usr %system  %guest   %wait    %CPU   CPU  Command
13:37:58        0     39831    6.00    0.00    0.00    0.00    6.00    14  sync_slam_toolb

13:37:57      UID       PID  minflt/s  majflt/s     VSZ     RSS   %MEM  Command
13:37:58        0     39831      0.00      0.00 1505480   48912   0.31  sync_slam_toolb

13:37:58      UID       PID    %usr %system  %guest   %wait    %CPU   CPU  Command
13:37:59        0     39831    8.00    2.00    0.00    0.00   10.00    14  sync_slam_toolb

13:37:58      UID       PID  minflt/s  majflt/s     VSZ     RSS   %MEM  Command
13:37:59        0     39831      6.00      0.00 1505480   48912   0.31  sync_slam_toolb

13:37:59      UID       PID    %usr %system  %guest   %wait    %CPU   CPU  Command
13:38:00        0     39831    6.00    0.00    0.00    0.00    6.00    14  sync_slam_toolb

13:37:59      UID       PID  minflt/s  majflt/s     VSZ     RSS   %MEM  Command
13:38:00        0     39831      0.00      0.00 1505480   48912   0.31  sync_slam_toolb

13:38:00      UID       PID    %usr %system  %guest   %wait    %CPU   CPU  Command
13:38:01        0     39831    6.00    0.00    0.00    0.00    6.00    14  sync_slam_toolb

13:38:00      UID       PID  minflt/s  majflt/s     VSZ     RSS   %MEM  Command
13:38:01        0     39831      0.00      0.00 1505480   48912   0.31  sync_slam_toolb

13:38:01      UID       PID    %usr %system  %guest   %wait    %CPU   CPU  Command
13:38:02        0     39831    9.00    2.00    0.00    0.00   11.00    14  sync_slam_toolb

13:38:01      UID       PID  minflt/s  majflt/s     VSZ     RSS   %MEM  Command
13:38:02        0     39831      6.00      0.00 1505480   49040   0.31  sync_slam_toolb

13:38:02      UID       PID    %usr %system  %guest   %wait    %CPU   CPU  Command
13:38:03        0     39831    6.00    1.00    0.00    0.00    7.00     0  sync_slam_toolb

13:38:02      UID       PID  minflt/s  majflt/s     VSZ     RSS   %MEM  Command
13:38:03        0     39831      0.00      0.00 1505480   49040   0.31  sync_slam_toolb

13:38:03      UID       PID    %usr %system  %guest   %wait    %CPU   CPU  Command
13:38:04        0     39831    5.94    0.00    0.00    0.00    5.94     8  sync_slam_toolb

13:38:03      UID       PID  minflt/s  majflt/s     VSZ     RSS   %MEM  Command
13:38:04        0     39831      0.00      0.00 1505480   49040   0.31  sync_slam_toolb

13:38:04      UID       PID    %usr %system  %guest   %wait    %CPU   CPU  Command
13:38:05        0     39831    9.00    1.00    0.00    0.00   10.00    14  sync_slam_toolb

13:38:04      UID       PID  minflt/s  majflt/s     VSZ     RSS   %MEM  Command
13:38:05        0     39831      7.00      0.00 1505480   49040   0.31  sync_slam_toolb

13:38:05      UID       PID    %usr %system  %guest   %wait    %CPU   CPU  Command
13:38:06        0     39831    7.00    0.00    0.00    0.00    7.00     0  sync_slam_toolb

13:38:05      UID       PID  minflt/s  majflt/s     VSZ     RSS   %MEM  Command
13:38:06        0     39831      0.00      0.00 1505480   49040   0.31  sync_slam_toolb

13:38:06      UID       PID    %usr %system  %guest   %wait    %CPU   CPU  Command
13:38:07        0     39831    5.00    1.00    0.00    0.00    6.00     0  sync_slam_toolb

13:38:06      UID       PID  minflt/s  majflt/s     VSZ     RSS   %MEM  Command
13:38:07        0     39831      0.00      0.00 1505480   49040   0.31  sync_slam_toolb

13:38:07      UID       PID    %usr %system  %guest   %wait    %CPU   CPU  Command
13:38:08        0     39831   10.00    0.00    0.00    0.00   10.00    11  sync_slam_toolb

13:38:07      UID       PID  minflt/s  majflt/s     VSZ     RSS   %MEM  Command
13:38:08        0     39831      6.00      0.00 1505480   49040   0.31  sync_slam_toolb

13:38:08      UID       PID    %usr %system  %guest   %wait    %CPU   CPU  Command
13:38:09        0     39831    6.00    1.00    0.00    0.00    7.00    11  sync_slam_toolb

13:38:08      UID       PID  minflt/s  majflt/s     VSZ     RSS   %MEM  Command
13:38:09        0     39831      0.00      0.00 1505480   49040   0.31  sync_slam_toolb

13:38:09      UID       PID    %usr %system  %guest   %wait    %CPU   CPU  Command
13:38:10        0     39831    6.00    0.00    0.00    0.00    6.00    11  sync_slam_toolb

13:38:09      UID       PID  minflt/s  majflt/s     VSZ     RSS   %MEM  Command
13:38:10        0     39831      0.00      0.00 1505480   49040   0.31  sync_slam_toolb

13:38:10      UID       PID    %usr %system  %guest   %wait    %CPU   CPU  Command
13:38:11        0     39831    6.00    1.00    0.00    0.00    7.00    11  sync_slam_toolb

13:38:10      UID       PID  minflt/s  majflt/s     VSZ     RSS   %MEM  Command
13:38:11        0     39831      0.00      0.00 1505480   49040   0.31  sync_slam_toolb

13:38:11      UID       PID    %usr %system  %guest   %wait    %CPU   CPU  Command
13:38:12        0     39831    7.00    0.00    0.00    0.00    7.00     6  sync_slam_toolb

13:38:11      UID       PID  minflt/s  majflt/s     VSZ     RSS   %MEM  Command
13:38:12        0     39831      0.00      0.00 1505480   49040   0.31  sync_slam_toolb

13:38:12      UID       PID    %usr %system  %guest   %wait    %CPU   CPU  Command
13:38:13        0     39831    6.00    1.00    0.00    0.00    7.00     2  sync_slam_toolb

13:38:12      UID       PID  minflt/s  majflt/s     VSZ     RSS   %MEM  Command
13:38:13        0     39831      0.00      0.00 1505480   49040   0.31  sync_slam_toolb

13:38:13      UID       PID    %usr %system  %guest   %wait    %CPU   CPU  Command
13:38:14        0     39831    6.00    1.00    0.00    0.00    7.00     1  sync_slam_toolb

13:38:13      UID       PID  minflt/s  majflt/s     VSZ     RSS   %MEM  Command
13:38:14        0     39831      0.00      0.00 1505480   49040   0.31  sync_slam_toolb

13:38:14      UID       PID    %usr %system  %guest   %wait    %CPU   CPU  Command
13:38:15        0     39831    6.00    1.00    0.00    0.00    7.00     1  sync_slam_toolb

13:38:14      UID       PID  minflt/s  majflt/s     VSZ     RSS   %MEM  Command
13:38:15        0     39831      0.00      0.00 1505480   49040   0.31  sync_slam_toolb

13:38:15      UID       PID    %usr %system  %guest   %wait    %CPU   CPU  Command
13:38:16        0     39831    6.00    1.00    0.00    0.00    7.00     1  sync_slam_toolb

13:38:15      UID       PID  minflt/s  majflt/s     VSZ     RSS   %MEM  Command
13:38:16        0     39831      0.00      0.00 1505480   49040   0.31  sync_slam_toolb

13:38:16      UID       PID    %usr %system  %guest   %wait    %CPU   CPU  Command
13:38:17        0     39831    7.00    0.00    0.00    0.00    7.00     1  sync_slam_toolb

13:38:16      UID       PID  minflt/s  majflt/s     VSZ     RSS   %MEM  Command
13:38:17        0     39831      0.00      0.00 1505480   49040   0.31  sync_slam_toolb

13:38:17      UID       PID    %usr %system  %guest   %wait    %CPU   CPU  Command
13:38:18        0     39831    6.00    1.00    0.00    0.00    7.00     4  sync_slam_toolb

13:38:17      UID       PID  minflt/s  majflt/s     VSZ     RSS   %MEM  Command
13:38:18        0     39831      0.00      0.00 1505480   49040   0.31  sync_slam_toolb

13:38:18      UID       PID    %usr %system  %guest   %wait    %CPU   CPU  Command
13:38:19        0     39831    7.00    0.00    0.00    0.00    7.00     1  sync_slam_toolb

13:38:18      UID       PID  minflt/s  majflt/s     VSZ     RSS   %MEM  Command
13:38:19        0     39831      0.00      0.00 1505480   49040   0.31  sync_slam_toolb

13:38:19      UID       PID    %usr %system  %guest   %wait    %CPU   CPU  Command
13:38:20        0     39831    6.00    1.00    0.00    0.00    7.00     1  sync_slam_toolb

13:38:19      UID       PID  minflt/s  majflt/s     VSZ     RSS   %MEM  Command
13:38:20        0     39831      0.00      0.00 1505480   49040   0.31  sync_slam_toolb

13:38:20      UID       PID    %usr %system  %guest   %wait    %CPU   CPU  Command
13:38:21        0     39831   10.00    1.00    0.00    0.00   11.00     1  sync_slam_toolb

13:38:20      UID       PID  minflt/s  majflt/s     VSZ     RSS   %MEM  Command
13:38:21        0     39831      6.00      0.00 1505480   49040   0.31  sync_slam_toolb

13:38:21      UID       PID    %usr %system  %guest   %wait    %CPU   CPU  Command
13:38:22        0     39831    5.00    0.00    0.00    0.00    5.00     1  sync_slam_toolb

13:38:21      UID       PID  minflt/s  majflt/s     VSZ     RSS   %MEM  Command
13:38:22        0     39831      0.00      0.00 1505480   49040   0.31  sync_slam_toolb

13:38:22      UID       PID    %usr %system  %guest   %wait    %CPU   CPU  Command
13:38:23        0     39831    6.00    1.00    0.00    0.00    7.00     1  sync_slam_toolb

13:38:22      UID       PID  minflt/s  majflt/s     VSZ     RSS   %MEM  Command
13:38:23        0     39831      0.00      0.00 1505480   49040   0.31  sync_slam_toolb

13:38:23      UID       PID    %usr %system  %guest   %wait    %CPU   CPU  Command
13:38:24        0     39831   10.00    1.00    0.00    0.00   11.00     1  sync_slam_toolb

13:38:23      UID       PID  minflt/s  majflt/s     VSZ     RSS   %MEM  Command
13:38:24        0     39831      6.00      0.00 1505480   49168   0.32  sync_slam_toolb

13:38:24      UID       PID    %usr %system  %guest   %wait    %CPU   CPU  Command
13:38:25        0     39831    6.00    0.00    0.00    0.00    6.00     1  sync_slam_toolb

13:38:24      UID       PID  minflt/s  majflt/s     VSZ     RSS   %MEM  Command
13:38:25        0     39831      0.00      0.00 1505480   49168   0.32  sync_slam_toolb

13:38:25      UID       PID    %usr %system  %guest   %wait    %CPU   CPU  Command
13:38:26        0     39831    6.00    1.00    0.00    0.00    7.00     6  sync_slam_toolb

13:38:25      UID       PID  minflt/s  majflt/s     VSZ     RSS   %MEM  Command
13:38:26        0     39831      0.00      0.00 1505480   49168   0.32  sync_slam_toolb

13:38:26      UID       PID    %usr %system  %guest   %wait    %CPU   CPU  Command
13:38:27        0     39831    8.00    2.00    0.00    0.00   10.00     6  sync_slam_toolb

13:38:26      UID       PID  minflt/s  majflt/s     VSZ     RSS   %MEM  Command
13:38:27        0     39831      6.00      0.00 1505480   49168   0.32  sync_slam_toolb

13:38:27      UID       PID    %usr %system  %guest   %wait    %CPU   CPU  Command
13:38:28        0     39831    7.00    1.00    0.00    0.00    8.00    14  sync_slam_toolb

13:38:27      UID       PID  minflt/s  majflt/s     VSZ     RSS   %MEM  Command
13:38:28        0     39831      0.00      0.00 1505480   49168   0.32  sync_slam_toolb

13:38:28      UID       PID    %usr %system  %guest   %wait    %CPU   CPU  Command
13:38:29        0     39831    9.00    1.00    0.00    0.00   10.00    14  sync_slam_toolb

13:38:28      UID       PID  minflt/s  majflt/s     VSZ     RSS   %MEM  Command
13:38:29        0     39831      6.00      0.00 1505480   49168   0.32  sync_slam_toolb

13:38:29      UID       PID    %usr %system  %guest   %wait    %CPU   CPU  Command
13:38:30        0     39831    6.00    0.00    0.00    0.00    6.00    14  sync_slam_toolb

13:38:29      UID       PID  minflt/s  majflt/s     VSZ     RSS   %MEM  Command
13:38:30        0     39831      0.00      0.00 1505480   49168   0.32  sync_slam_toolb

13:38:30      UID       PID    %usr %system  %guest   %wait    %CPU   CPU  Command
13:38:31        0     39831    6.00    1.00    0.00    0.00    7.00     0  sync_slam_toolb

13:38:30      UID       PID  minflt/s  majflt/s     VSZ     RSS   %MEM  Command
13:38:31        0     39831      0.00      0.00 1505480   49168   0.32  sync_slam_toolb

13:38:31      UID       PID    %usr %system  %guest   %wait    %CPU   CPU  Command
13:38:32        0     39831    7.00    1.00    0.00    0.00    8.00     0  sync_slam_toolb

13:38:31      UID       PID  minflt/s  majflt/s     VSZ     RSS   %MEM  Command
13:38:32        0     39831      0.00      0.00 1505480   49168   0.32  sync_slam_toolb

13:38:32      UID       PID    %usr %system  %guest   %wait    %CPU   CPU  Command
13:38:33        0     39831    6.00    1.00    0.00    0.00    7.00     0  sync_slam_toolb

13:38:32      UID       PID  minflt/s  majflt/s     VSZ     RSS   %MEM  Command
13:38:33        0     39831      0.00      0.00 1505480   49168   0.32  sync_slam_toolb

13:38:33      UID       PID    %usr %system  %guest   %wait    %CPU   CPU  Command
13:38:34        0     39831    9.00    1.00    0.00    0.00   10.00     0  sync_slam_toolb

13:38:33      UID       PID  minflt/s  majflt/s     VSZ     RSS   %MEM  Command
13:38:34        0     39831      6.00      0.00 1505480   49168   0.32  sync_slam_toolb

13:38:34      UID       PID    %usr %system  %guest   %wait    %CPU   CPU  Command
13:38:35        0     39831    6.00    0.00    0.00    0.00    6.00    14  sync_slam_toolb

13:38:34      UID       PID  minflt/s  majflt/s     VSZ     RSS   %MEM  Command
13:38:35        0     39831      0.00      0.00 1505480   49168   0.32  sync_slam_toolb

13:38:35      UID       PID    %usr %system  %guest   %wait    %CPU   CPU  Command
13:38:36        0     39831   10.00    2.00    0.00    0.00   12.00     6  sync_slam_toolb

13:38:35      UID       PID  minflt/s  majflt/s     VSZ     RSS   %MEM  Command
13:38:36        0     39831      6.00      0.00 1505480   49168   0.32  sync_slam_toolb

13:38:36      UID       PID    %usr %system  %guest   %wait    %CPU   CPU  Command
13:38:37        0     39831    6.00    0.00    0.00    0.00    6.00     6  sync_slam_toolb

13:38:36      UID       PID  minflt/s  majflt/s     VSZ     RSS   %MEM  Command
13:38:37        0     39831      0.00      0.00 1505480   49168   0.32  sync_slam_toolb

13:38:37      UID       PID    %usr %system  %guest   %wait    %CPU   CPU  Command
13:38:38        0     39831    7.00    1.00    0.00    0.00    8.00     2  sync_slam_toolb

13:38:37      UID       PID  minflt/s  majflt/s     VSZ     RSS   %MEM  Command
13:38:38        0     39831      0.00      0.00 1505480   49168   0.32  sync_slam_toolb

13:38:38      UID       PID    %usr %system  %guest   %wait    %CPU   CPU  Command
13:38:39        0     39831   10.00    0.00    0.00    0.00   10.00     8  sync_slam_toolb

13:38:38      UID       PID  minflt/s  majflt/s     VSZ     RSS   %MEM  Command
13:38:39        0     39831      6.00      0.00 1505480   49168   0.32  sync_slam_toolb

13:38:39      UID       PID    %usr %system  %guest   %wait    %CPU   CPU  Command
13:38:40        0     39831    9.00    1.00    0.00    0.00   10.00     6  sync_slam_toolb

13:38:39      UID       PID  minflt/s  majflt/s     VSZ     RSS   %MEM  Command
13:38:40        0     39831      6.00      0.00 1505480   49168   0.32  sync_slam_toolb

13:38:40      UID       PID    %usr %system  %guest   %wait    %CPU   CPU  Command
13:38:41        0     39831    7.00    0.00    0.00    0.00    7.00     6  sync_slam_toolb

13:38:40      UID       PID  minflt/s  majflt/s     VSZ     RSS   %MEM  Command
13:38:41        0     39831      0.00      0.00 1505480   49168   0.32  sync_slam_toolb

13:38:41      UID       PID    %usr %system  %guest   %wait    %CPU   CPU  Command
13:38:42        0     39831   10.00    1.00    0.00    0.00   11.00     2  sync_slam_toolb

13:38:41      UID       PID  minflt/s  majflt/s     VSZ     RSS   %MEM  Command
13:38:42        0     39831      5.00      0.00 1505480   49168   0.32  sync_slam_toolb

13:38:42      UID       PID    %usr %system  %guest   %wait    %CPU   CPU  Command
13:38:43        0     39831    6.00    1.00    0.00    0.00    7.00     6  sync_slam_toolb

13:38:42      UID       PID  minflt/s  majflt/s     VSZ     RSS   %MEM  Command
13:38:43        0     39831      0.00      0.00 1505480   49168   0.32  sync_slam_toolb

13:38:43      UID       PID    %usr %system  %guest   %wait    %CPU   CPU  Command
13:38:44        0     39831    7.00    0.00    0.00    0.00    7.00     6  sync_slam_toolb

13:38:43      UID       PID  minflt/s  majflt/s     VSZ     RSS   %MEM  Command
13:38:44        0     39831      0.00      0.00 1505480   49168   0.32  sync_slam_toolb

13:38:44      UID       PID    %usr %system  %guest   %wait    %CPU   CPU  Command
13:38:45        0     39831    6.00    1.00    0.00    0.00    7.00     6  sync_slam_toolb

13:38:44      UID       PID  minflt/s  majflt/s     VSZ     RSS   %MEM  Command
13:38:45        0     39831      0.00      0.00 1505480   49168   0.32  sync_slam_toolb

13:38:45      UID       PID    %usr %system  %guest   %wait    %CPU   CPU  Command
13:38:46        0     39831    7.00    2.00    0.00    0.00    9.00     6  sync_slam_toolb

13:38:45      UID       PID  minflt/s  majflt/s     VSZ     RSS   %MEM  Command
13:38:46        0     39831      0.00      0.00 1505480   49168   0.32  sync_slam_toolb

13:38:46      UID       PID    %usr %system  %guest   %wait    %CPU   CPU  Command
13:38:47        0     39831    7.00    1.00    0.00    0.00    8.00     0  sync_slam_toolb

13:38:46      UID       PID  minflt/s  majflt/s     VSZ     RSS   %MEM  Command
13:38:47        0     39831      0.00      0.00 1505480   49168   0.32  sync_slam_toolb

13:38:47      UID       PID    %usr %system  %guest   %wait    %CPU   CPU  Command
13:38:48        0     39831    6.00    2.00    0.00    0.00    8.00     2  sync_slam_toolb

13:38:47      UID       PID  minflt/s  majflt/s     VSZ     RSS   %MEM  Command
13:38:48        0     39831      0.00      0.00 1505480   49168   0.32  sync_slam_toolb

13:38:48      UID       PID    %usr %system  %guest   %wait    %CPU   CPU  Command
13:38:49        0     39831    7.00    1.00    0.00    0.00    8.00     6  sync_slam_toolb

13:38:48      UID       PID  minflt/s  majflt/s     VSZ     RSS   %MEM  Command
13:38:49        0     39831      0.00      0.00 1505480   49168   0.32  sync_slam_toolb

13:38:49      UID       PID    %usr %system  %guest   %wait    %CPU   CPU  Command
13:38:50        0     39831    7.00    1.00    0.00    0.00    8.00     6  sync_slam_toolb

13:38:49      UID       PID  minflt/s  majflt/s     VSZ     RSS   %MEM  Command
13:38:50        0     39831      0.00      0.00 1505480   49168   0.32  sync_slam_toolb

13:38:50      UID       PID    %usr %system  %guest   %wait    %CPU   CPU  Command
13:38:51        0     39831    4.00    2.00    0.00    0.00    6.00     6  sync_slam_toolb

13:38:50      UID       PID  minflt/s  majflt/s     VSZ     RSS   %MEM  Command
13:38:51        0     39831      0.00      0.00 1505428   49168   0.32  sync_slam_toolb

13:38:51      UID       PID    %usr %system  %guest   %wait    %CPU   CPU  Command
13:38:52        0     39831    3.00    0.00    0.00    0.00    3.00     6  sync_slam_toolb

13:38:51      UID       PID  minflt/s  majflt/s     VSZ     RSS   %MEM  Command
13:38:52        0     39831      0.00      0.00 1505428   49168   0.32  sync_slam_toolb

13:38:52      UID       PID    %usr %system  %guest   %wait    %CPU   CPU  Command
13:38:53        0     39831    4.00    1.00    0.00    0.00    5.00     6  sync_slam_toolb

13:38:52      UID       PID  minflt/s  majflt/s     VSZ     RSS   %MEM  Command
13:38:53        0     39831      0.00      0.00 1505428   49168   0.32  sync_slam_toolb

13:38:53      UID       PID    %usr %system  %guest   %wait    %CPU   CPU  Command
13:38:54        0     39831    4.00    1.00    0.00    0.00    5.00     6  sync_slam_toolb

13:38:53      UID       PID  minflt/s  majflt/s     VSZ     RSS   %MEM  Command
13:38:54        0     39831      0.00      0.00 1505428   49168   0.32  sync_slam_toolb

13:38:54      UID       PID    %usr %system  %guest   %wait    %CPU   CPU  Command
13:38:55        0     39831    4.00    0.00    0.00    0.00    4.00    10  sync_slam_toolb

13:38:54      UID       PID  minflt/s  majflt/s     VSZ     RSS   %MEM  Command
13:38:55        0     39831      0.00      0.00 1505428   49168   0.32  sync_slam_toolb

13:38:55      UID       PID    %usr %system  %guest   %wait    %CPU   CPU  Command
13:38:56        0     39831    4.00    0.00    0.00    0.00    4.00    10  sync_slam_toolb

13:38:55      UID       PID  minflt/s  majflt/s     VSZ     RSS   %MEM  Command
13:38:56        0     39831      0.00      0.00 1504888   49168   0.32  sync_slam_toolb

13:38:56      UID       PID    %usr %system  %guest   %wait    %CPU   CPU  Command
13:38:57        0     39831    4.00    0.00    0.00    0.00    4.00    10  sync_slam_toolb

13:38:56      UID       PID  minflt/s  majflt/s     VSZ     RSS   %MEM  Command
13:38:57        0     39831      0.00      0.00 1504888   49168   0.32  sync_slam_toolb

13:38:57      UID       PID    %usr %system  %guest   %wait    %CPU   CPU  Command
13:38:58        0     39831    4.00    1.00    0.00    0.00    5.00     6  sync_slam_toolb

13:38:57      UID       PID  minflt/s  majflt/s     VSZ     RSS   %MEM  Command
13:38:58        0     39831      0.00      0.00 1504888   49168   0.32  sync_slam_toolb

13:38:58      UID       PID    %usr %system  %guest   %wait    %CPU   CPU  Command
13:38:59        0     39831    4.00    0.00    0.00    0.00    4.00     6  sync_slam_toolb

13:38:58      UID       PID  minflt/s  majflt/s     VSZ     RSS   %MEM  Command
13:38:59        0     39831      0.00      0.00 1504888   49168   0.32  sync_slam_toolb

13:38:59      UID       PID    %usr %system  %guest   %wait    %CPU   CPU  Command
13:39:00        0     39831    3.00    1.00    0.00    0.00    4.00     6  sync_slam_toolb

13:38:59      UID       PID  minflt/s  majflt/s     VSZ     RSS   %MEM  Command
13:39:00        0     39831      0.00      0.00 1504888   49168   0.32  sync_slam_toolb

13:39:00      UID       PID    %usr %system  %guest   %wait    %CPU   CPU  Command
13:39:01        0     39831    4.00    0.00    0.00    0.00    4.00     6  sync_slam_toolb

13:39:00      UID       PID  minflt/s  majflt/s     VSZ     RSS   %MEM  Command
13:39:01        0     39831      0.00      0.00 1504888   49168   0.32  sync_slam_toolb

13:39:01      UID       PID    %usr %system  %guest   %wait    %CPU   CPU  Command
13:39:02        0     39831    5.00    0.00    0.00    0.00    5.00     6  sync_slam_toolb

13:39:01      UID       PID  minflt/s  majflt/s     VSZ     RSS   %MEM  Command
13:39:02        0     39831      0.00      0.00 1504888   49168   0.32  sync_slam_toolb

13:39:02      UID       PID    %usr %system  %guest   %wait    %CPU   CPU  Command
13:39:03        0     39831    3.00    1.00    0.00    0.00    4.00     6  sync_slam_toolb

13:39:02      UID       PID  minflt/s  majflt/s     VSZ     RSS   %MEM  Command
13:39:03        0     39831      0.00      0.00 1504888   49168   0.32  sync_slam_toolb

13:39:03      UID       PID    %usr %system  %guest   %wait    %CPU   CPU  Command
13:39:04        0     39831    4.00    1.00    0.00    0.00    5.00    14  sync_slam_toolb

13:39:03      UID       PID  minflt/s  majflt/s     VSZ     RSS   %MEM  Command
13:39:04        0     39831      0.00      0.00 1504888   49168   0.32  sync_slam_toolb

13:39:04      UID       PID    %usr %system  %guest   %wait    %CPU   CPU  Command
13:39:05        0     39831    4.00    1.00    0.00    0.00    5.00     0  sync_slam_toolb

13:39:04      UID       PID  minflt/s  majflt/s     VSZ     RSS   %MEM  Command
13:39:05        0     39831     30.00      0.00 1505428   49296   0.32  sync_slam_toolb

13:39:05      UID       PID    %usr %system  %guest   %wait    %CPU   CPU  Command
13:39:06        0     39831    4.00    1.00    0.00    0.00    5.00     4  sync_slam_toolb

13:39:05      UID       PID  minflt/s  majflt/s     VSZ     RSS   %MEM  Command
13:39:06        0     39831      0.00      0.00 1505428   49296   0.32  sync_slam_toolb

13:39:06      UID       PID    %usr %system  %guest   %wait    %CPU   CPU  Command
13:39:07        0     39831    4.00    1.00    0.00    0.00    5.00     4  sync_slam_toolb

13:39:06      UID       PID  minflt/s  majflt/s     VSZ     RSS   %MEM  Command
13:39:07        0     39831      0.00      0.00 1505428   49296   0.32  sync_slam_toolb


Average:      UID       PID    %usr %system  %guest   %wait    %CPU   CPU  Command
Average:        0     39831    6.51    0.74    0.00    0.00    7.25     -  sync_slam_toolb

Average:      UID       PID  minflt/s  majflt/s     VSZ     RSS   %MEM  Command
Average:        0     39831      2.03      0.00 1505459   48311   0.31  sync_slam_toolb
